game_id;team_id;period1Score;period2Score;period3Score;period4Score
'0022200744';1610612753;19;28;34;28
'0022200744';1610612741;25;35;35;33
'0022200746';1610612750;29;28;33;27
'0022200746';1610612758;21;38;22;29
'0022200442';1610612749;27;29;36;31
'0022200442';1610612762;22;25;36;14
'0022201016';1610612755;27;28;26;31
'0022201016';1610612764;19;31;19;24
'0022200650';1610612741;35;24;33;40
'0022200650';1610612744;20;42;24;32
'0022200831';1610612753;29;36;24;26
'0022200831';1610612743;26;29;29;20
'0022201014';1610612743;30;39;18;33
'0022201014';1610612751;30;31;37;24
'0022200072';1610612738;34;41;24;15
'0022200072';1610612739;33;29;33;19
'0022200707';1610612753;30;25;33;25
'0022200707';1610612738;23;31;25;19
'0022200514';1610612758;32;24;27;23
'0022200514';1610612743;20;27;32;34
'0022200769';1610612765;26;32;30;29
'0022200769';1610612764;29;24;36;30
'0022200861';1610612748;36;26;21;25
'0022200861';1610612743;27;38;24;23
'0022200610';1610612758;41;31;35;29
'0022200610';1610612753;31;21;32;27
'0022200593';1610612742;34;29;34;30
'0022200593';1610612740;15;31;35;36
'0022200053';1610612740;40;26;21;26
'0022200053';1610612742;31;33;25;22
'0022200501';1610612741;26;39;24;29
'0022200501';1610612745;36;28;35;34
'0022200051';1610612757;23;32;44;36
'0022200051';1610612743;31;30;25;24
'0022200699';1610612748;23;18;28;31
'0022200699';1610612740;32;15;25;24
'0022200385';1610612762;24;22;33;29
'0022200385';1610612750;28;33;21;36
'0022200420';1610612759;28;29;32;23
'0022200420';1610612757;39;34;24;31
'0022200213';1610612764;37;30;20;33
'0022200213';1610612760;29;25;35;32
'0022200754';1610612739;31;33;25;33
'0022200754';1610612746;15;19;23;42
'0022200561';1610612749;32;29;29;33
'0022200561';1610612764;28;21;36;28
'0022200536';1610612744;41;19;28;30
'0022200536';1610612757;25;31;40;16
'0022200174';1610612748;32;26;27;19
'0022200174';1610612766;27;23;23;31
'0022200642';1610612766;34;32;19;21
'0022200642';1610612738;31;31;33;27
'0022200674';1610612760;36;22;42;26
'0022200674';1610612754;20;24;29;33
'0022200596';1610612765;27;27;28;29
'0022200596';1610612755;35;36;29;23
'0022201029';1610612761;49;23;26;27
'0022201029';1610612743;30;26;36;18
'0022200582';1610612761;26;21;31;30
'0022200582';1610612752;30;27;24;31
'0022201223';1610612741;26;23;18;36
'0022201223';1610612765;25;21;18;17
'0022200290';1610612751;31;27;26;27
'0022200290';1610612757;24;33;23;17
'0022200197';1610612758;26;38;34;24
'0022200197';1610612744;39;23;29;24
'0022201074';1610612745;21;29;30;28
'0022201074';1610612744;26;29;29;37
'0022200120';1610612765;21;18;29;20
'0022200120';1610612739;24;33;33;22
'0022200533';1610612749;33;17;39;34
'0022200533';1610612750;34;27;22;31
'0022201183';1610612745;31;25;30;38
'0022201183';1610612743;30;29;26;18
'0022200737';1610612750;38;24;25;24
'0022200737';1610612763;31;22;24;23
'0022200919';1610612766;41;24;27;25
'0022200919';1610612765;21;25;30;30
'0022200949';1610612748;31;25;32;32
'0022200949';1610612752;37;34;25;26
'0022200865';1610612742;23;31;28;39
'0022200865';1610612750;33;32;35;24
'0022200210';1610612758;36;37;42;38
'0022200210';1610612751;30;24;28;39
'0022200455';1610612745;28;34;14;29
'0022200455';1610612759;35;25;32;32
'0022200820';1610612743;49;30;31;36
'0022200820';1610612750;19;29;27;37
'0022200902';1610612746;40;40;37;36
'0022200902';1610612758;40;36;34;43
'0022201094';1610612751;33;28;30;23
'0022201094';1610612739;31;29;25;31
'0022200130';1610612756;28;21;31;26
'0022200130';1610612757;25;34;27;22
'0022200867';1610612757;34;31;36;26
'0022200867';1610612747;19;27;33;36
'0022201000';1610612748;27;23;32;37
'0022201000';1610612739;26;33;30;26
'0022200437';1610612747;33;31;29;33
'0022200437';1610612743;32;33;23;20
'0022201033';1610612756;24;24;36;20
'0022201033';1610612749;29;28;28;31
'0022200142';1610612763;24;33;24;22
'0022200142';1610612764;25;18;31;23
'0022200773';1610612745;34;33;17;28
'0022200773';1610612760;25;33;28;20
'0022200799';1610612760;38;41;44;30
'0022200799';1610612745;19;34;28;40
'0022200742';1610612751;28;34;26;34
'0022200742';1610612752;22;27;32;34
'0022200416';1610612753;50;26;29;30
'0022200416';1610612737;22;40;32;30
'0022200015';1610612755;24;21;18;25
'0022200015';1610612749;30;17;26;17
'0022201153';1610612751;25;34;42;23
'0022201153';1610612737;33;22;24;28
'0022200584';1610612760;35;33;35;24
'0022200584';1610612764;17;25;38;30
'0022200222';1610612758;37;26;26;41
'0022200222';1610612759;28;28;26;30
'0022200044';1610612755;33;31;26;30
'0022200044';1610612754;23;23;30;30
'0022200192';1610612752;48;25;33;29
'0022200192';1610612760;36;43;43;23
'0022200389';1610612764;29;34;21;23
'0022200389';1610612746;28;32;26;28
'0022200736';1610612754;30;26;43;32
'0022200736';1610612749;45;40;29;27
'0022200743';1610612765;37;20;29;28
'0022200743';1610612745;27;32;24;34
'0022200709';1610612745;31;25;34;29
'0022200709';1610612750;26;30;25;33
'0022200342';1610612744;39;29;26;26
'0022200342';1610612745;23;29;28;21
'0022200466';1610612739;35;25;33;21
'0022200466';1610612749;20;22;35;29
'0022200027';1610612757;25;22;28;27
'0022200027';1610612756;28;25;26;23
'0022200467';1610612755;37;26;29;21
'0022200467';1610612765;29;22;27;15
'0022200411';1610612745;27;27;30;27
'0022200411';1610612756;20;15;32;30
'0022200873';1610612766;32;28;33;27
'0022200873';1610612759;32;25;29;24
'0022201058';1610612761;32;34;28;28
'0022201058';1610612750;26;32;27;22
'0022200444';1610612756;27;19;38;34
'0022200444';1610612740;34;29;26;25
'0022200267';1610612749;33;29;21;30
'0022200267';1610612741;32;29;29;28
'0022200364';1610612751;38;35;23;26
'0022200364';1610612766;28;27;32;29
'0022201129';1610612746;27;35;37;25
'0022201129';1610612741;32;23;22;35
'0022200003';1610612765;17;40;34;22
'0022200003';1610612753;28;27;28;26
'0022200237';1610612755;23;28;33;25
'0022200237';1610612750;33;30;34;15
'0022201158';1610612744;23;31;33;43
'0022201158';1610612759;26;25;37;27
'0022200264';1610612738;34;36;31;24
'0022200264';1610612742;23;26;36;27
'0022200386';1610612742;33;15;36;21
'0022200386';1610612749;32;20;21;33
'0022200238';1610612757;23;28;28;34
'0022200238';1610612762;20;38;29;31
'0022200173';1610612737;29;17;34;24
'0022200173';1610612755;20;22;24;29
'0022200526';1610612761;20;23;32;31
'0022200526';1610612763;30;27;36;26
'0022200566';1610612753;31;39;25;31
'0022200566';1610612760;28;25;35;27
'0022201220';1610612752;45;26;36;29
'0022201220';1610612754;41;32;27;41
'0022200104';1610612748;33;25;28;30
'0022200104';1610612744;24;32;38;15
'0022201193';1610612749;28;21;30;26
'0022201193';1610612741;21;30;25;16
'0022200813';1610612762;37;25;23;26
'0022200813';1610612742;25;35;29;35
'0022200320';1610612743;44;30;22;24
'0022200320';1610612745;24;23;25;28
'0022200543';1610612763;31;22;30;33
'0022200543';1610612740;25;25;29;22
'0022200888';1610612753;28;19;33;28
'0022200888';1610612765;26;20;33;27
'0022200377';1610612766;20;29;22;31
'0022200377';1610612752;22;33;34;32
'0022201132';1610612761;24;29;31;22
'0022201132';1610612748;23;24;20;25
'0022200511';1610612760;38;32;25;35
'0022200511';1610612759;33;27;33;21
'0022201069';1610612757;30;25;28;19
'0022201069';1610612746;36;23;34;24
'0022200591';1610612759;30;27;32;27
'0022200591';1610612738;33;35;25;28
'0022200070';1610612765;29;38;27;18
'0022200070';1610612737;35;34;37;30
'0022200014';1610612758;23;32;29;24
'0022200014';1610612757;32;19;33;31
'0022200580';1610612754;26;28;27;27
'0022200580';1610612757;29;26;27;17
'0022200363';1610612753;14;26;31;28
'0022200363';1610612746;32;17;29;21
'0022200708';1610612741;17;40;21;33
'0022200708';1610612737;21;27;30;22
'0022201053';1610612757;24;24;22;42
'0022201053';1610612738;32;31;26;37
'0022200414';1610612766;33;36;28;30
'0022200414';1610612765;35;38;34;20
'0022200842';1610612740;28;28;26;25
'0022200842';1610612739;38;35;28;17
'0022200664';1610612747;37;36;29;38
'0022200664';1610612745;35;26;37;34
'0022200727';1610612757;19;47;36;32
'0022200727';1610612762;31;33;27;33
'0022200401';1610612745;19;31;24;23
'0022200401';1610612749;25;23;31;13
'0022200096';1610612766;34;33;18;23
'0022200096';1610612758;24;28;37;26
'0022200116';1610612757;23;22;27;34
'0022200116';1610612763;30;22;26;33
'0022200066';1610612751;23;36;25;28
'0022200066';1610612742;30;31;29;22
'0022200856';1610612761;31;0;22;31
'0022200856';1610612765;29;0;23;25
'0022200316';1610612752;20;25;26;32
'0022200316';1610612749;22;25;27;35
'0022200349';1610612764;27;23;31;38
'0022200349';1610612747;33;35;37;25
'0022200963';1610612741;35;25;29;33
'0022200963';1610612754;30;37;28;30
'0022200987';1610612748;30;23;29;18
'0022200987';1610612739;26;31;30;17
'0022201022';1610612748;33;23;34;29
'0022201022';1610612762;26;31;33;25
'0022200240';1610612756;28;27;35;26
'0022200240';1610612752;22;31;22;20
'0022200029';1610612754;25;27;36;36
'0022200029';1610612765;35;21;23;36
'0022200298';1610612749;41;32;31;20
'0022200298';1610612742;33;29;34;19
'0022200032';1610612741;25;29;25;17
'0022200032';1610612739;34;36;23;35
'0022200705';1610612757;26;45;20;21
'0022200705';1610612747;33;13;40;35
'0022200291';1610612750;27;29;33;25
'0022200291';1610612744;47;29;33;28
'0022200766';1610612741;32;26;26;19
'0022200766';1610612746;20;34;31;23
'0022201034';1610612757;33;22;26;26
'0022201034';1610612752;20;29;42;32
'0022200252';1610612750;30;17;37;21
'0022200252';1610612748;33;27;19;22
'0022201007';1610612753;34;24;23;27
'0022201007';1610612748;24;31;23;30
'0022200918';1610612743;35;31;31;23
'0022200918';1610612746;22;36;30;32
'0022200459';1610612756;38;30;31;31
'0022200459';1610612747;24;20;33;27
'0022201162';1610612740;21;34;36;31
'0022201162';1610612746;31;25;34;24
'0022200171';1610612758;34;35;28;30
'0022200171';1610612739;29;29;35;27
'0022200951';1610612760;34;33;30;33
'0022200951';1610612762;29;23;32;19
'0022201028';1610612764;38;23;33;23
'0022201028';1610612765;20;25;27;25
'0022200106';1610612756;24;30;30;32
'0022200106';1610612750;20;27;26;34
'0022200657';1610612749;32;33;28;39
'0022200657';1610612754;38;38;22;21
'0022200590';1610612747;37;33;28;32
'0022200590';1610612737;28;21;33;32
'0022200755';1610612749;37;25;44;29
'0022200755';1610612740;19;25;44;22
'0022200909';1610612762;24;31;30;33
'0022200909';1610612759;33;32;14;23
'0022200153';1610612750;29;23;28;27
'0022200153';1610612752;38;38;27;17
'0022200849';1610612764;37;43;24;23
'0022200849';1610612754;29;28;31;25
'0022201184';1610612763;41;25;30;23
'0022201184';1610612757;25;37;33;14
'0022201121';1610612744;29;26;18;23
'0022201121';1610612750;29;24;24;22
'0022200323';1610612758;33;29;44;31
'0022200323';1610612754;20;28;35;31
'0022200759';1610612760;20;28;37;35
'0022200759';1610612744;38;25;31;34
'0022200784';1610612749;15;34;29;28
'0022200784';1610612746;24;32;31;18
'0022200136';1610612749;34;33;26;15
'0022200136';1610612760;34;19;25;16
'0022201047';1610612766;29;25;13;15
'0022201047';1610612755;31;35;26;29
'0022200518';1610612748;33;28;34;17
'0022200518';1610612747;25;27;26;20
'0022200967';1610612745;38;35;35;34
'0022200967';1610612759;24;39;24;23
'0022200686';1610612742;31;29;32;23
'0022200686';1610612748;19;32;16;23
'0022200957';1610612739;24;30;42;18
'0022200957';1610612765;21;24;22;23
'0022200667';1610612743;34;39;28;21
'0022200667';1610612757;31;36;22;24
'0022200834';1610612747;31;27;23;25
'0022200834';1610612749;26;24;38;27
'0022200253';1610612740;35;30;32;31
'0022200253';1610612744;16;25;24;18
'0022200864';1610612760;25;26;22;27
'0022200864';1610612740;33;27;16;27
'0022201156';1610612763;21;34;31;22
'0022201156';1610612746;34;17;21;22
'0022200875';1610612755;38;25;24;31
'0022200875';1610612739;24;14;32;42
'0022200259';1610612756;26;27;33;29
'0022200259';1610612747;22;33;24;26
'0022200933';1610612766;22;19;32;18
'0022200933';1610612756;27;30;22;26
'0022200846';1610612751;28;32;22;16
'0022200846';1610612755;26;26;24;25
'0022200282';1610612759;21;20;34;19
'0022200282';1610612747;33;26;20;26
'0022200251';1610612749;30;33;30;26
'0022200251';1610612757;32;29;18;32
'0022201116';1610612738;30;38;28;41
'0022201116';1610612759;32;26;19;16
'0022200441';1610612745;27;24;14;30
'0022200441';1610612757;33;24;28;22
'0022200589';1610612756;23;23;27;23
'0022200589';1610612748;30;21;27;26
'0022200880';1610612760;38;38;40;17
'0022200880';1610612745;21;33;24;18
'0022200294';1610612738;35;37;41;17
'0022200294';1610612764;26;29;33;33
'0022200434';1610612741;32;21;22;16
'0022200434';1610612752;29;29;29;27
'0022200357';1610612763;27;31;24;19
'0022200357';1610612748;32;19;26;16
'0022200841';1610612763;31;38;34;25
'0022200841';1610612750;32;26;28;21
'0022200612';1610612755;27;38;42;40
'0022200612';1610612765;20;23;32;41
'0022201018';1610612759;19;28;24;19
'0022201018';1610612760;29;23;26;24
'0022200336';1610612744;35;28;33;23
'0022200336';1610612741;33;19;30;29
'0022200721';1610612755;41;34;32;30
'0022200721';1610612751;41;24;33;35
'0022200778';1610612754;35;32;29;15
'0022200778';1610612747;30;24;30;28
'0022201152';1610612738;27;30;36;29
'0022201152';1610612762;29;22;27;36
'0022200474';1610612760;22;27;29;23
'0022200474';1610612757;32;22;24;20
'0022201198';1610612755;31;15;32;23
'0022201198';1610612748;41;26;29;33
'0022200639';1610612746;34;24;23;22
'0022200639';1610612743;32;25;29;29
'0022201222';1610612764;39;28;18;24
'0022201222';1610612745;31;24;32;27
'0022200931';1610612744;27;21;39;36
'0022200931';1610612757;41;24;17;23
'0022200293';1610612737;31;29;21;17
'0022200293';1610612748;23;28;34;21
'0022201168';1610612752;34;19;33;32
'0022201168';1610612764;31;30;18;30
'0022200073';1610612761;26;22;22;20
'0022200073';1610612755;28;37;16;31
'0022200495';1610612738;36;26;38;39
'0022200495';1610612749;28;33;25;32
'0022200180';1610612759;31;23;29;28
'0022200180';1610612749;27;19;30;17
'0022200037';1610612747;24;24;35;21
'0022200037';1610612757;32;23;23;28
'0022200191';1610612740;34;29;23;33
'0022200191';1610612745;26;24;37;19
'0022200936';1610612748;38;15;24;19
'0022200936';1610612755;34;37;25;23
'0022200168';1610612760;27;28;32;32
'0022200168';1610612749;27;28;29;35
'0022200850';1610612737;32;29;32;32
'0022200850';1610612759;31;29;17;29
'0022200599';1610612748;30;34;18;19
'0022200599';1610612751;31;35;13;23
'0022200382';1610612755;31;30;32;27
'0022200382';1610612747;20;39;24;37
'0022200719';1610612747;30;24;28;33
'0022200719';1610612746;37;40;21;35
'0022200394';1610612757;32;33;29;30
'0022200394';1610612750;27;39;26;26
'0022200603';1610612756;26;28;25;19
'0022200603';1610612739;35;22;23;32
'0022201181';1610612755;28;25;19;31
'0022201181';1610612738;22;24;21;34
'0022200313';1610612753;27;23;26;32
'0022200313';1610612737;38;32;30;25
'0022200193';1610612739;20;30;34;40
'0022200193';1610612750;40;27;37;25
'0022200018';1610612754;26;29;30;49
'0022200018';1610612759;36;34;32;35
'0022200147';1610612754;32;26;42;29
'0022200147';1610612740;30;25;36;31
'0022200410';1610612749;38;26;31;33
'0022200410';1610612744;27;25;25;34
'0022200852';1610612739;26;14;29;28
'0022200852';1610612741;29;20;25;15
'0022200519';1610612741;28;29;22;27
'0022200519';1610612749;32;23;27;24
'0022200285';1610612746;26;26;25;27
'0022200285';1610612743;31;33;23;27
'0022200036';1610612758;26;29;25;29
'0022200036';1610612746;29;23;34;25
'0022200570';1610612741;40;29;19;33
'0022200570';1610612751;33;26;26;27
'0022200082';1610612766;34;28;18;27
'0022200082';1610612744;23;27;33;24
'0022200221';1610612757;28;33;21;25
'0022200221';1610612751;28;29;28;24
'0022200710';1610612762;21;37;31;31
'0022200710';1610612766;24;21;34;23
'0022201217';1610612751;21;32;39;13
'0022201217';1610612755;36;25;39;34
'0022200631';1610612757;32;26;33;22
'0022200631';1610612739;27;24;36;32
'0022200402';1610612754;19;23;22;18
'0022200402';1610612748;26;21;20;20
'0022200485';1610612752;22;38;32;25
'0022200485';1610612741;29;29;31;29
'0022200346';1610612751;27;23;19;23
'0022200346';1610612738;35;27;13;28
'0022200112';1610612745;24;29;26;22
'0022200112';1610612746;34;22;30;23
'0022200659';1610612752;25;34;28;23
'0022200659';1610612761;29;27;25;29
'0022200019';1610612764;26;30;21;25
'0022200019';1610612741;30;20;24;26
'0022201078';1610612737;38;28;33;30
'0022201078';1610612765;32;27;19;29
'0022200256';1610612755;33;30;22;30
'0022200256';1610612751;26;31;25;24
'0022201104';1610612757;26;19;27;24
'0022201104';1610612741;26;35;33;30
'0022200177';1610612753;30;28;29;27
'0022200177';1610612756;23;29;22;23
'0022200583';1610612749;28;32;27;22
'0022200583';1610612766;51;33;28;26
'0022201143';1610612759;33;29;26;29
'0022201143';1610612762;36;28;29;35
'0022200249';1610612754;27;27;32;37
'0022200249';1610612753;28;17;22;35
'0022200335';1610612762;35;40;26;38
'0022200335';1610612754;24;35;22;38
'0022200597';1610612761;34;24;31;28
'0022200597';1610612757;27;26;21;31
'0022200347';1610612765;26;31;26;29
'0022200347';1610612763;40;29;32;21
'0022200977';1610612765;18;33;23;30
'0022200977';1610612757;31;28;30;21
'0022200122';1610612755;22;31;30;21
'0022200122';1610612752;21;37;16;32
'0022200206';1610612740;32;27;30;24
'0022200206';1610612763;35;25;27;15
'0022201131';1610612737;24;35;35;26
'0022201131';1610612739;24;27;33;34
'0022201139';1610612755;28;29;32;27
'0022201139';1610612742;37;25;29;17
'0022200795';1610612752;28;28;25;34
'0022200795';1610612746;36;27;33;19
'0022201195';1610612742;28;32;32;31
'0022201195';1610612758;27;44;21;27
'0022200701';1610612742;20;34;25;19
'0022200701';1610612746;22;27;30;33
'0022200004';1610612754;25;27;25;30
'0022200004';1610612764;36;24;27;27
'0022200578';1610612745;23;33;30;28
'0022200578';1610612762;31;33;31;36
'0022200704';1610612744;33;39;18;26
'0022200704';1610612751;28;32;26;34
'0022200030';1610612753;33;35;26;26
'0022200030';1610612738;36;32;31;27
'0022201166';1610612750;29;33;24;19
'0022201166';1610612757;31;25;26;25
'0022201202';1610612766;26;23;24;36
'0022201202';1610612745;25;30;30;27
'0022201101';1610612742;26;29;32;22
'0022201101';1610612766;37;32;26;22
'0022200722';1610612745;30;28;23;22
'0022200722';1610612764;25;18;28;37
'0022200227';1610612741;24;28;27;28
'0022200227';1610612753;37;29;21;21
'0022200224';1610612764;33;24;24;23
'0022200224';1610612748;31;38;19;16
'0022201178';1610612753;29;30;32;22
'0022201178';1610612739;23;35;35;24
'0022201192';1610612738;31;25;23;18
'0022201192';1610612761;28;16;28;21
'0022200378';1610612754;31;38;26;26
'0022200378';1610612764;33;32;24;22
'0022200979';1610612752;21;45;23;16
'0022200979';1610612766;21;29;37;25
'0022200960';1610612749;29;30;40;31
'0022200960';1610612755;29;24;32;48
'0022200760';1610612759;36;19;32;19
'0022200760';1610612764;30;33;35;29
'0022200074';1610612764;28;32;30;27
'0022200074';1610612754;36;39;26;26
'0022200668';1610612746;27;25;37;21
'0022200668';1610612755;34;29;27;30
'0022200702';1610612743;18;29;27;25
'0022200702';1610612760;27;25;29;20
'0022201064';1610612760;25;32;33;34
'0022201064';1610612756;31;38;27;24
'0022200306';1610612762;27;33;20;27
'0022200306';1610612741;27;26;33;28
'0022200876';1610612737;21;23;32;25
'0022200876';1610612752;37;29;25;31
'0022200892';1610612762;28;18;32;28
'0022200892';1610612760;26;29;31;20
'0022200477';1610612740;37;28;29;32
'0022200477';1610612759;17;29;29;42
'0022200182';1610612744;25;23;26;32
'0022200182';1610612739;25;27;25;24
'0022201114';1610612747;26;29;23;30
'0022201114';1610612741;29;34;28;27
'0022200728';1610612758;23;27;17;28
'0022200728';1610612761;24;34;26;29
'0022201209';1610612740;27;33;23;30
'0022201209';1610612752;30;30;23;22
'0022200903';1610612765;22;22;26;21
'0022200903';1610612761;22;22;27;24
'0022200665';1610612749;44;23;38;25
'0022200665';1610612761;34;40;23;25
'0022201068';1610612749;33;25;31;29
'0022201068';1610612761;29;27;39;16
'0022201212';1610612747;30;31;35;25
'0022201212';1610612756;34;28;27;18
'0022200396';1610612765;26;23;41;27
'0022200396';1610612747;32;29;30;33
'0022200144';1610612766;18;30;24;28
'0022200144';1610612764;26;20;30;32
'0022200525';1610612738;27;33;24;32
'0022200525';1610612746;26;23;36;25
'0022200978';1610612753;26;34;32;31
'0022200978';1610612749;36;34;32;32
'0022200071';1610612753;22;29;31;31
'0022200071';1610612766;19;11;23;40
'0022200245';1610612745;28;37;29;26
'0022200245';1610612744;40;21;36;30
'0022200793';1610612751;25;30;37;33
'0022200793';1610612764;44;29;26;24
'0022200388';1610612754;38;38;24;33
'0022200388';1610612751;40;29;26;41
'0022200815';1610612757;22;26;23;37
'0022200815';1610612749;30;28;37;32
'0022200001';1610612738;24;39;35;28
'0022200001';1610612755;29;34;25;29
'0022200771';1610612763;32;25;33;22
'0022200771';1610612757;26;26;32;38
'0022200409';1610612755;39;41;21;22
'0022200409';1610612758;32;23;28;20
'0022200170';1610612746;38;16;33;27
'0022200170';1610612747;21;31;23;26
'0022200858';1610612739;34;31;26;26
'0022200858';1610612759;19;30;32;28
'0022200950';1610612741;29;35;21;0
'0022200950';1610612756;40;20;34;0
'0022200564';1610612766;26;21;26;34
'0022200564';1610612763;40;36;26;29
'0022200663';1610612763;29;39;39;29
'0022200663';1610612756;36;29;23;18
'0022200172';1610612764;28;30;29;26
'0022200172';1610612742;34;27;22;22
'0022200137';1610612750;40;28;35;26
'0022200137';1610612745;34;15;34;34
'0022201027';1610612766;27;21;28;28
'0022201027';1610612739;30;33;35;22
'0022200341';1610612750;29;28;44;27
'0022200341';1610612760;32;31;34;38
'0022201197';1610612753;42;15;16;21
'0022201197';1610612739;33;34;28;23
'0022200034';1610612742;39;25;35;38
'0022200034';1610612763;17;19;35;25
'0022200515';1610612765;27;39;26;29
'0022200515';1610612753;23;24;30;24
'0022200574';1610612747;32;20;27;33
'0022200574';1610612748;23;25;30;31
'0022200577';1610612742;20;26;19;30
'0022200577';1610612738;29;35;25;35
'0022201187';1610612744;36;33;33;34
'0022201187';1610612760;39;40;27;19
'0022200555';1610612751;37;37;34;31
'0022200555';1610612759;25;22;32;24
'0022200803';1610612754;25;21;38;19
'0022200803';1610612739;27;35;36;24
'0022200472';1610612745;31;33;23;23
'0022200472';1610612753;25;29;31;31
'0022200278';1610612745;38;31;25;34
'0022200278';1610612737;33;39;32;18
'0022200288';1610612759;34;34;29;41
'0022200288';1610612747;33;37;36;37
'0022200970';1610612746;30;37;30;38
'0022200970';1610612763;28;33;51;17
'0022200300';1610612764;38;39;32;33
'0022200300';1610612750;33;25;39;30
'0022200616';1610612757;20;30;23;33
'0022200616';1610612753;33;17;32;27
'0022200745';1610612737;28;25;28;32
'0022200745';1610612746;22;36;26;36
'0022200810';1610612751;27;26;35;28
'0022200810';1610612746;29;26;36;33
'0022200901';1610612744;26;40;20;30
'0022200901';1610612745;26;23;28;24
'0022200693';1610612764;37;33;30;38
'0022200693';1610612753;26;31;34;27
'0022200025';1610612750;41;23;23;33
'0022200025';1610612762;26;29;33;32
'0022201070';1610612747;28;31;25;27
'0022201070';1610612753;25;24;32;24
'0022201080';1610612740;27;37;27;28
'0022201080';1610612759;16;23;26;19
'0022200358';1610612742;33;34;29;34
'0022200358';1610612756;15;26;34;36
'0022200712';1610612758;47;19;34;33
'0022200712';1610612763;33;28;29;10
'0022201140';1610612741;20;31;25;34
'0022201140';1610612747;31;28;26;36
'0022200272';1610612766;29;23;39;19
'0022200272';1610612750;34;28;21;25
'0022200404';1610612763;35;27;40;26
'0022200404';1610612737;29;22;25;27
'0022201161';1610612748;44;32;26;27
'0022201161';1610612742;31;33;32;26
'0022200750';1610612762;34;32;18;24
'0022200750';1610612742;23;25;28;24
'0022200281';1610612760;32;27;28;23
'0022200281';1610612741;30;29;21;30
'0022200403';1610612764;25;30;28;17
'0022200403';1610612751;29;33;32;18
'0022201086';1610612742;33;30;30;32
'0022201086';1610612744;30;35;31;31
'0022201107';1610612737;39;33;33;38
'0022201107';1610612754;35;39;24;32
'0022200651';1610612751;24;26;30;22
'0022200651';1610612760;28;20;27;37
'0022200492';1610612747;31;36;20;43
'0022200492';1610612766;27;40;30;37
'0022200239';1610612746;40;24;27;28
'0022200239';1610612759;22;26;21;28
'0022200512';1610612742;28;27;27;33
'0022200512';1610612752;30;33;29;23
'0022200611';1610612748;31;32;26;23
'0022200611';1610612760;26;30;32;23
'0022200984';1610612747;23;33;26;30
'0022200984';1610612763;21;36;23;23
'0022200317';1610612750;27;17;31;34
'0022200317';1610612763;26;22;24;29
'0022201126';1610612743;25;36;30;25
'0022201126';1610612755;18;39;20;34
'0022200318';1610612740;40;34;28;24
'0022200318';1610612761;29;18;31;30
'0022200198';1610612747;26;29;25;36
'0022200198';1610612751;22;24;31;26
'0022200556';1610612745;26;29;32;19
'0022200556';1610612742;18;26;39;28
'0022200565';1610612739;15;18;0;26
'0022200565';1610612756;14;29;0;21
'0022200552';1610612739;27;20;44;39
'0022200552';1610612741;34;31;31;34
'0022201100';1610612763;42;41;36;32
'0022201100';1610612745;30;22;32;30
'0022201137';1610612751;30;24;32;37
'0022201137';1610612745;25;30;32;27
'0022200113';1610612749;31;25;29;31
'0022200113';1610612765;26;21;21;23
'0022200405';1610612742;23;43;31;24
'0022200405';1610612760;28;24;38;24
'0022201054';1610612747;33;21;26;30
'0022201054';1610612742;29;33;27;22
'0022200826';1610612761;34;23;31;24
'0022200826';1610612759;24;30;21;23
'0022201190';1610612754;29;38;31;31
'0022201190';1610612752;38;32;35;33
'0022200049';1610612763;39;25;45;25
'0022200049';1610612751;34;35;28;27
'0022200528';1610612742;36;29;34;30
'0022200528';1610612745;30;21;28;35
'0022201230';1610612757;27;26;20;28
'0022201230';1610612744;55;29;34;39
'0022200868';1610612761;35;30;29;29
'0022200868';1610612753;27;43;19;24
'0022201009';1610612745;32;23;40;16
'0022201009';1610612741;22;32;33;32
'0022200845';1610612746;27;24;25;30
'0022200845';1610612749;22;32;27;38
'0022200889';1610612755;22;25;28;35
'0022200889';1610612763;37;22;22;24
'0022200013';1610612756;24;21;31;31
'0022200013';1610612742;32;30;19;24
'0022200489';1610612743;32;26;35;27
'0022200489';1610612757;27;37;16;27
'0022200738';1610612748;26;24;23;37
'0022200738';1610612753;31;28;20;26
'0022200872';1610612757;27;25;22;27
'0022200872';1610612764;31;28;38;29
'0022200241';1610612764;35;24;18;29
'0022200241';1610612766;27;28;24;23
'0022200925';1610612761;24;20;26;34
'0022200925';1610612741;23;23;26;26
'0022200314';1610612738;38;30;34;32
'0022200314';1610612748;35;25;36;25
'0022200350';1610612758;29;33;20;28
'0022200350';1610612741;27;20;31;23
'0022200123';1610612764;28;29;13;16
'0022200123';1610612751;38;31;27;32
'0022200559';1610612757;22;39;41;33
'0022200559';1610612765;27;25;30;24
'0022200218';1610612742;28;23;23;18
'0022200218';1610612745;31;26;19;25
'0022200614';1610612762;31;24;33;28
'0022200614';1610612739;24;31;29;30
'0022200232';1610612762;42;32;33;27
'0022200232';1610612756;35;31;39;28
'0022200139';1610612756;35;26;23;18
'0022200139';1610612757;26;14;21;21
'0022200653';1610612743;31;38;25;25
'0022200653';1610612753;25;29;34;28
'0022200328';1610612738;27;35;25;23
'0022200328';1610612748;27;32;22;29
'0022200976';1610612758;29;30;38;26
'0022200976';1610612740;32;27;20;29
'0022200733';1610612745;25;23;26;21
'0022200733';1610612739;37;37;23;16
'0022200065';1610612757;31;25;25;17
'0022200065';1610612748;28;33;33;25
'0022201003';1610612747;31;39;15;37
'0022201003';1610612761;35;27;28;22
'0022201066';1610612765;29;18;34;19
'0022201066';1610612748;26;26;22;38
'0022200973';1610612764;28;20;32;31
'0022200973';1610612749;34;25;24;34
'0022200634';1610612764;21;32;23;32
'0022200634';1610612752;19;31;30;32
'0022200275';1610612738;36;28;30;28
'0022200275';1610612758;22;40;22;20
'0022200972';1610612754;39;40;35;29
'0022200972';1610612755;38;40;36;33
'0022200711';1610612757;40;34;45;28
'0022200711';1610612759;38;36;27;26
'0022201087';1610612741;23;25;28;15
'0022201087';1610612755;36;40;20;20
'0022200516';1610612764;36;28;29;34
'0022200516';1610612756;21;34;29;18
'0022201122';1610612765;27;24;39;27
'0022201122';1610612749;31;26;37;32
'0022200063';1610612762;22;39;28;20
'0022200063';1610612745;21;28;26;26
'0022200248';1610612739;38;26;21;29
'0022200248';1610612737;26;33;23;20
'0022200244';1610612739;28;31;36;18
'0022200244';1610612748;27;15;22;23
'0022200484';1610612739;31;22;25;29
'0022200484';1610612761;39;30;29;20
'0022201059';1610612764;33;27;32;26
'0022201059';1610612758;37;34;33;28
'0022200724';1610612740;34;18;21;29
'0022200724';1610612750;26;20;39;26
'0022201142';1610612760;26;28;30;23
'0022201142';1610612765;26;30;24;26
'0022201026';1610612758;32;30;25;37
'0022201026';1610612749;27;26;37;43
'0022200360';1610612739;27;30;28;31
'0022200360';1610612747;26;23;34;19
'0022200672';1610612763;31;37;21;26
'0022200672';1610612739;30;31;30;23
'0022201219';1610612748;23;29;32;39
'0022201219';1610612753;24;26;35;25
'0022200943';1610612742;38;33;39;23
'0022200943';1610612755;37;30;24;35
'0022200877';1610612738;31;35;31;30
'0022200877';1610612765;26;25;38;20
'0022200751';1610612757;14;30;39;22
'0022200751';1610612761;37;26;25;35
'0022201017';1610612740;42;32;35;18
'0022201017';1610612757;25;29;19;37
'0022200078';1610612743;35;28;26;28
'0022200078';1610612762;25;25;28;23
'0022200904';1610612766;29;25;28;26
'0022200904';1610612748;16;35;21;31
'0022200075';1610612749;26;33;37;23
'0022200075';1610612752;24;29;32;23
'0022200908';1610612755;30;26;22;29
'0022200908';1610612738;28;22;30;30
'0022200871';1610612746;31;30;44;29
'0022200871';1610612744;23;42;28;31
'0022200131';1610612747;34;28;33;21
'0022200131';1610612762;40;35;25;30
'0022200080';1610612757;32;37;27;29
'0022200080';1610612745;23;35;24;29
'0022201204';1610612764;26;27;36;25
'0022201204';1610612748;23;28;20;37
'0022200287';1610612745;23;42;30;23
'0022200287';1610612760;22;22;29;32
'0022200836';1610612754;24;23;30;27
'0022200836';1610612756;30;30;35;22
'0022201081';1610612758;32;22;31;24
'0022201081';1610612738;30;30;40;32
'0022200334';1610612756;36;28;32;25
'0022200334';1610612745;27;30;29;36
'0022200588';1610612743;26;36;32;27
'0022200588';1610612739;28;30;24;26
'0022200887';1610612754;31;27;39;28
'0022200887';1610612738;34;34;32;25
'0022201180';1610612751;24;30;24;24
'0022201180';1610612750;31;20;26;30
'0022200954';1610612758;35;33;33;0
'0022200954';1610612746;32;31;33;0
'0022200235';1610612737;29;26;27;29
'0022200235';1610612761;31;31;27;22
'0022200473';1610612750;31;21;22;25
'0022200473';1610612742;29;22;24;29
'0022200115';1610612742;23;24;27;29
'0022200115';1610612762;35;15;28;22
'0022200649';1610612746;31;31;29;30
'0022200649';1610612745;30;33;27;10
'0022200060';1610612749;25;18;35;32
'0022200060';1610612751;20;35;21;23
'0022200185';1610612764;28;33;31;29
'0022200185';1610612762;30;25;29;28
'0022200152';1610612763;34;20;31;21
'0022200152';1610612738;28;37;19;25
'0022200991';1610612746;17;32;34;25
'0022200991';1610612761;25;24;25;26
'0022200829';1610612746;25;27;26;26
'0022200829';1610612742;41;19;21;29
'0022200203';1610612745;23;23;32;28
'0022200203';1610612746;31;27;31;33
'0022200860';1610612755;32;23;35;33
'0022200860';1610612745;29;19;30;26
'0022200098';1610612751;33;28;31;24
'0022200098';1610612754;18;36;31;24
'0022200800';1610612744;40;33;29;17
'0022200800';1610612742;23;35;28;27
'0022200183';1610612747;23;37;28;26
'0022200183';1610612758;23;33;31;33
'0022200725';1610612760;43;34;27;28
'0022200725';1610612737;39;38;32;28
'0022200897';1610612749;42;31;22;33
'0022200897';1610612748;32;24;18;25
'0022200855';1610612738;26;35;21;37
'0022200855';1610612763;28;20;33;28
'0022201150';1610612755;31;46;22;18
'0022201150';1610612761;30;27;29;24
'0022200061';1610612741;38;38;27;21
'0022200061';1610612754;27;30;36;16
'0022200091';1610612765;29;34;37;28
'0022200091';1610612744;37;18;36;23
'0022200883';1610612741;24;25;24;27
'0022200883';1610612749;34;27;24;27
'0022200851';1610612752;33;29;25;39
'0022200851';1610612762;28;28;28;36
'0022200497';1610612743;28;23;30;32
'0022200497';1610612756;24;33;27;29
'0022201105';1610612758;24;32;45;34
'0022201105';1610612756;30;37;26;34
'0022200230';1610612742;29;44;32;22
'0022200230';1610612743;27;28;28;16
'0022200940';1610612760;30;30;24;33
'0022200940';1610612747;31;26;33;33
'0022200731';1610612751;27;32;31;32
'0022200731';1610612765;30;28;43;29
'0022200805';1610612763;31;31;24;17
'0022200805';1610612761;28;31;19;28
'0022200714';1610612748;32;18;25;23
'0022200714';1610612738;30;28;24;13
'0022200687';1610612759;36;36;23;31
'0022200687';1610612746;41;24;33;33
'0022200646';1610612762;24;32;29;32
'0022200646';1610612755;41;25;22;30
'0022201025';1610612744;43;32;23;25
'0022201025';1610612756;21;37;30;24
'0022200692';1610612761;27;30;28;19
'0022200692';1610612738;26;24;31;25
'0022200450';1610612743;20;35;39;25
'0022200450';1610612766;25;27;28;35
'0022200483';1610612751;36;24;25;33
'0022200483';1610612749;29;18;28;25
'0022200399';1610612755;20;41;35;35
'0022200399';1610612766;21;33;33;26
'0022200390';1610612739;28;31;23;28
'0022200390';1610612760;22;24;26;30
'0022200522';1610612758;24;38;32;33
'0022200522';1610612743;40;35;30;21
'0022200794';1610612765;27;22;27;24
'0022200794';1610612756;30;28;30;28
'0022200997';1610612758;30;39;22;31
'0022200997';1610612752;23;30;31;33
'0022200392';1610612744;33;35;27;28
'0022200392';1610612738;25;38;20;24
'0022200609';1610612743;29;33;32;28
'0022200609';1610612747;23;25;31;30
'0022200295';1610612765;26;30;22;16
'0022200295';1610612739;20;31;22;29
'0022201117';1610612739;33;27;25;23
'0022201117';1610612745;22;21;37;11
'0022200538';1610612754;32;30;31;38
'0022200538';1610612746;22;33;38;37
'0022200557';1610612750;23;36;31;34
'0022200557';1610612743;23;30;32;26
'0022200676';1610612743;30;25;33;34
'0022200676';1610612750;27;33;35;23
'0022200757';1610612751;29;29;27;36
'0022200757';1610612747;16;30;36;22
'0022200602';1610612760;33;36;27;24
'0022200602';1610612742;34;21;28;26
'0022201004';1610612746;20;27;29;30
'0022201004';1610612752;19;30;25;21
'0022200375';1610612759;24;27;39;28
'0022200375';1610612745;29;25;23;32
'0022200964';1610612747;33;22;23;35
'0022200964';1610612744;18;36;18;33
'0022200783';1610612743;34;36;35;29
'0022200783';1610612744;35;34;22;26
'0022200093';1610612742;29;31;28;26
'0022200093';1610612753;34;26;23;22
'0022200161';1610612753;24;26;23;21
'0022200161';1610612742;28;26;20;13
'0022200010';1610612750;35;30;22;28
'0022200010';1610612760;22;30;35;21
'0022200531';1610612761;33;20;33;27
'0022200531';1610612756;24;27;28;25
'0022200694';1610612737;31;34;28;25
'0022200694';1610612766;25;24;36;37
'0022200417';1610612761;31;31;32;29
'0022200417';1610612758;23;36;29;36
'0022200407';1610612757;33;37;36;27
'0022200407';1610612750;27;32;25;28
'0022200283';1610612756;23;30;31;24
'0022200283';1610612765;22;32;25;23
'0022200527';1610612759;38;26;28;30
'0022200527';1610612752;29;24;26;36
'0022200366';1610612761;39;31;27;29
'0022200366';1610612747;31;16;28;38
'0022200231';1610612740;25;32;21;31
'0022200231';1610612738;40;27;22;28
'0022200685';1610612739;28;31;27;28
'0022200685';1610612744;33;31;34;22
'0022200532';1610612741;33;27;35;37
'0022200532';1610612765;25;33;34;26
'0022200655';1610612747;32;26;25;29
'0022200655';1610612755;33;24;29;27
'0022201023';1610612742;25;25;21;17
'0022201023';1610612763;29;20;36;19
'0022200456';1610612750;21;36;37;22
'0022200456';1610612742;30;14;30;32
'0022200547';1610612763;27;32;32;27
'0022200547';1610612758;26;32;29;21
'0022200545';1610612760;20;23;29;24
'0022200545';1610612755;38;31;20;26
'0022200362';1610612743;29;29;28;29
'0022200362';1610612742;36;28;27;25
'0022200478';1610612762;30;30;33;27
'0022200478';1610612764;27;39;24;22
'0022200303';1610612761;26;26;28;20
'0022200303';1610612739;24;19;24;21
'0022200008';1610612761;28;23;25;32
'0022200008';1610612739;22;35;27;21
'0022200056';1610612739;30;24;19;30
'0022200056';1610612753;24;26;19;23
'0022200956';1610612764;30;23;26;26
'0022200956';1610612761;26;27;33;19
'0022201174';1610612749;41;28;27;21
'0022201174';1610612755;26;27;29;22
'0022200673';1610612740;23;28;25;22
'0022200673';1610612748;36;34;28;26
'0022200747';1610612740;30;20;24;29
'0022200747';1610612764;32;27;29;25
'0022200367';1610612741;29;23;28;35
'0022200367';1610612764;22;27;32;30
'0022200195';1610612755;26;25;27;27
'0022200195';1610612762;30;27;21;20
'0022200058';1610612752;32;37;29;24
'0022200058';1610612766;30;32;28;32
'0022201225';1610612750;18;29;36;30
'0022201225';1610612740;30;25;30;23
'0022201227';1610612743;26;33;24;26
'0022201227';1610612758;43;24;14;14
'0022200181';1610612763;33;39;24;18
'0022200181';1610612750;30;33;21;19
'0022200818';1610612740;33;29;29;25
'0022200818';1610612737;35;24;22;26
'0022200975';1610612743;29;29;25;35
'0022200975';1610612761;34;27;27;25
'0022200985';1610612764;28;33;33;26
'0022200985';1610612737;34;24;32;32
'0022200215';1610612761;27;27;30;28
'0022200215';1610612748;31;29;19;25
'0022201203';1610612754;27;30;30;28
'0022201203';1610612765;35;38;23;26
'0022200749';1610612738;28;20;33;24
'0022200749';1610612747;27;27;27;24
'0022200587';1610612750;37;31;32;28
'0022200587';1610612746;33;21;25;36
'0022200621';1610612738;35;29;33;28
'0022200621';1610612740;32;26;27;29
'0022200220';1610612756;36;36;31;27
'0022200220';1610612744;33;32;24;30
'0022200419';1610612760;31;21;32;24
'0022200419';1610612748;31;33;22;24
'0022200200';1610612753;23;22;24;36
'0022200200';1610612766;31;27;26;28
'0022200302';1610612751;23;29;35;22
'0022200302';1610612753;28;23;25;26
'0022200576';1610612753;20;23;35;37
'0022200576';1610612763;22;43;27;31
'0022200594';1610612744;29;30;23;19
'0022200594';1610612753;28;34;30;23
'0022200458';1610612760;28;33;33;29
'0022200458';1610612757;28;30;36;27
'0022200912';1610612741;25;22;27;28
'0022200912';1610612764;27;18;22;15
'0022200974';1610612748;30;33;29;38
'0022200974';1610612737;43;25;28;32
'0022200809';1610612764;25;21;26;19
'0022200809';1610612739;37;29;30;18
'0022201124';1610612752;36;30;36;35
'0022201124';1610612745;33;28;29;25
'0022200052';1610612764;28;28;29;35
'0022200052';1610612765;25;24;26;24
'0022201095';1610612740;37;25;26;27
'0022201095';1610612766;24;33;24;15
'0022201128';1610612758;25;33;27;30
'0022201128';1610612750;34;23;29;33
'0022200635';1610612759;28;32;29;24
'0022200635';1610612744;33;41;40;30
'0022200499';1610612765;36;25;39;28
'0022200499';1610612746;31;35;30;32
'0022201103';1610612744;23;32;24;41
'0022201103';1610612755;27;26;35;24
'0022201172';1610612760;27;28;34;29
'0022201172';1610612756;27;42;29;30
'0022200900';1610612741;33;30;34;34
'0022200900';1610612751;18;11;22;36
'0022200105';1610612760;33;30;22;31
'0022200105';1610612753;32;34;22;20
'0022201055';1610612752;36;26;29;25
'0022201055';1610612743;28;39;24;19
'0022200716';1610612740;24;23;27;24
'0022200716';1610612743;28;35;20;16
'0022201093';1610612753;24;29;22;36
'0022201093';1610612752;22;23;30;31
'0022200819';1610612763;26;23;23;32
'0022200819';1610612741;14;25;36;14
'0022200666';1610612759;27;24;25;30
'0022200666';1610612751;15;36;17;30
'0022200223';1610612746;15;27;26;28
'0022200223';1610612765;23;27;17;24
'0022200471';1610612752;27;26;27;26
'0022200471';1610612761;28;35;24;26
'0022200801';1610612743;35;35;27;31
'0022200801';1610612737;30;22;34;22
'0022201144';1610612756;25;23;33;26
'0022201144';1610612750;24;27;23;26
'0022200132';1610612753;33;32;12;29
'0022200132';1610612758;25;22;36;23
'0022201194';1610612740;32;20;33;39
'0022201194';1610612763;34;35;21;34
'0022200447';1610612765;35;36;25;25
'0022200447';1610612751;21;33;44;26
'0022200376';1610612757;36;28;35;21
'0022200376';1610612743;30;33;26;32
'0022200695';1610612739;23;27;36;28
'0022200695';1610612749;26;21;34;21
'0022201052';1610612759;35;34;24;16
'0022201052';1610612763;26;20;35;28
'0022201205';1610612737;31;32;27;29
'0022201205';1610612755;32;21;33;33
'0022200563';1610612762;23;28;38;26
'0022200563';1610612758;35;25;28;29
'0022200494';1610612742;21;22;51;30
'0022200494';1610612747;28;26;21;40
'0022200083';1610612751;26;36;28;26
'0022200083';1610612754;26;37;29;33
'0022200196';1610612741;20;27;29;27
'0022200196';1610612743;32;30;35;29
'0022200422';1610612743;38;34;30;39
'0022200422';1610612764;31;36;28;33
'0022200713';1610612754;21;25;34;36
'0022200713';1610612741;33;29;25;23
'0022200157';1610612762;42;34;39;24
'0022200157';1610612747;34;37;27;18
'0022200461';1610612765;24;36;25;26
'0022200461';1610612762;31;30;34;31
'0022200090';1610612739;35;27;22;37
'0022200090';1610612752;30;29;34;15
'0022200178';1610612752;30;38;26;27
'0022200178';1610612765;26;32;22;32
'0022200016';1610612747;23;33;21;20
'0022200016';1610612746;35;21;29;18
'0022200355';1610612761;25;37;18;30
'0022200355';1610612738;27;29;35;25
'0022201200';1610612762;25;27;24;22
'0022201200';1610612760;32;23;29;30
'0022200247';1610612747;34;32;29;28
'0022200247';1610612759;20;28;19;25
'0022200465';1610612743;35;20;29;21
'0022200465';1610612763;14;26;31;20
'0022200857';1610612766;36;38;35;35
'0022200857';1610612737;27;41;28;42
'0022200340';1610612761;36;28;30;27
'0022200340';1610612753;22;26;25;35
'0022200592';1610612741;28;25;31;42
'0022200592';1610612762;24;25;40;29
'0022200426';1610612762;27;31;33;32
'0022200426';1610612740;25;37;33;28
'0022201199';1610612759;32;37;29;31
'0022201199';1610612757;37;24;39;27
'0022201006';1610612765;30;0;27;33
'0022201006';1610612754;35;0;34;21
'0022200619';1610612764;25;21;41;13
'0022200619';1610612741;29;30;21;17
'0022200012';1610612762;37;38;19;29
'0022200012';1610612743;30;23;27;22
'0022200833';1610612751;19;34;26;37
'0022200833';1610612741;26;24;34;21
'0022200435';1610612760;28;22;41;19
'0022200435';1610612750;30;33;25;24
'0022200413';1610612747;24;26;32;28
'0022200413';1610612738;37;28;23;22
'0022200866';1610612744;29;42;35;29
'0022200866';1610612764;39;27;27;33
'0022201032';1610612759;38;29;31;34
'0022201032';1610612753;29;32;28;25
'0022200891';1610612742;34;40;25;43
'0022200891';1610612759;26;37;27;26
'0022200205';1610612744;33;28;38;33
'0022200205';1610612759;26;19;23;27
'0022200640';1610612758;36;33;43;27
'0022200640';1610612745;32;34;26;22
'0022201050';1610612741;28;26;26;33
'0022201050';1610612750;32;27;31;23
'0022200968';1610612760;35;35;31;28
'0022200968';1610612762;20;31;33;35
'0022201165';1610612741;25;28;40;35
'0022201165';1610612763;36;32;16;23
'0022201061';1610612763;33;38;33;29
'0022201061';1610612744;23;36;41;19
'0022200126';1610612759;18;40;28;20
'0022200126';1610612746;28;26;28;31
'0022201013';1610612756;32;27;36;24
'0022201013';1610612758;31;36;29;32
'0022200451';1610612747;30;36;21;32
'0022200451';1610612764;29;23;36;29
'0022200698';1610612758;35;39;22;31
'0022200698';1610612755;27;37;38;27
'0022201221';1610612761;35;32;28;26
'0022201221';1610612749;26;29;24;26
'0022200457';1610612740;27;34;29;29
'0022200457';1610612749;30;36;34;28
'0022200703';1610612756;32;30;25;25
'0022200703';1610612763;18;19;35;38
'0022200765';1610612752;24;29;30;31
'0022200765';1610612747;29;23;34;28
'0022200913';1610612742;28;33;20;27
'0022200913';1610612747;16;31;31;33
'0022200644';1610612761;25;32;22;24
'0022200644';1610612737;34;35;27;18
'0022200481';1610612737;32;28;35;35
'0022200481';1610612765;34;29;18;24
'0022200772';1610612738;46;33;31;29
'0022200772';1610612751;16;29;27;24
'0022200201';1610612738;32;30;27;37
'0022200201';1610612760;35;34;27;26
'0022200424';1610612745;29;23;33;23
'0022200424';1610612748;29;37;20;25
'0022200046';1610612752;34;31;31;19
'0022200046';1610612753;28;31;23;20
'0022200427';1610612746;18;19;33;25
'0022200427';1610612756;29;35;25;22
'0022201133';1610612763;32;27;28;26
'0022201133';1610612753;15;29;29;35
'0022200154';1610612759;28;34;27;20
'0022200154';1610612743;28;37;29;21
'0022200554';1610612755;33;24;27;36
'0022200554';1610612740;25;27;29;30
'0022200359';1610612744;21;29;31;23
'0022200359';1610612754;34;25;30;23
'0022200167';1610612750;25;26;31;35
'0022200167';1610612756;39;30;35;25
'0022200548';1610612749;17;33;20;25
'0022200548';1610612764;34;34;20;30
'0022200715';1610612752;34;19;27;25
'0022200715';1610612739;27;24;24;28
'0022200062';1610612750;39;29;34;32
'0022200062';1610612759;28;25;41;28
'0022200981';1610612745;32;22;24;18
'0022200981';1610612751;27;32;33;26
'0022201196';1610612746;37;34;22;32
'0022201196';1610612747;31;21;30;36
'0022200321';1610612756;32;32;42;26
'0022200321';1610612741;25;18;38;32
'0022200989';1610612743;29;23;24;20
'0022200989';1610612741;25;26;36;30
'0022200796';1610612741;34;25;33;37
'0022200796';1610612757;27;43;17;34
'0022200847';1610612766;34;26;23;22
'0022200847';1610612743;27;30;37;25
'0022200506';1610612764;32;35;27;22
'0022200506';1610612755;30;26;29;26
'0022200822';1610612739;32;19;25;37
'0022200822';1610612765;14;26;28;17
'0022200110';1610612752;32;33;10;24
'0022200110';1610612737;21;36;32;23
'0022200927';1610612763;26;20;47;28
'0022200927';1610612747;22;27;35;25
'0022201175';1610612743;26;32;31;23
'0022201175';1610612744;36;25;26;23
'0022200916';1610612744;25;34;19;31
'0022200916';1610612750;34;23;30;17
'0022200009';1610612763;25;36;24;23
'0022200009';1610612752;23;23;33;29
'0022200680';1610612750;31;35;35;27
'0022200680';1610612761;37;39;33;17
'0022200734';1610612756;32;16;21;26
'0022200734';1610612742;32;22;22;23
'0022200988';1610612740;24;35;24;30
'0022200988';1610612742;24;19;22;41
'0022200926';1610612745;30;24;30;28
'0022200926';1610612743;41;33;32;27
'0022200911';1610612737;37;27;33;32
'0022200911';1610612751;29;28;37;33
'0022200893';1610612747;31;28;36;29
'0022200893';1610612744;23;33;24;31
'0022200633';1610612754;27;31;31;22
'0022200633';1610612737;36;19;29;29
'0022200229';1610612763;33;30;29;29
'0022200229';1610612760;28;31;24;27
'0022201127';1610612757;14;21;20;35
'0022201127';1610612740;34;24;31;35
'0022200102';1610612746;30;21;22;22
'0022200102';1610612745;23;29;24;17
'0022200740';1610612744;34;29;35;31
'0022200740';1610612761;36;26;32;23
'0022200226';1610612755;24;31;34;21
'0022200226';1610612749;34;28;22;18
'0022201071';1610612766;22;36;27;30
'0022201071';1610612754;40;26;22;21
'0022201097';1610612738;34;26;32;28
'0022201097';1610612754;32;23;21;19
'0022200569';1610612761;12;26;21;38
'0022200569';1610612749;13;26;24;34
'0022200296';1610612752;26;26;31;40
'0022200296';1610612763;25;29;39;34
'0022200768';1610612743;31;26;36;29
'0022200768';1610612740;35;25;24;29
'0022200938';1610612745;19;25;24;31
'0022200938';1610612763;25;22;38;28
'0022200398';1610612753;18;29;35;29
'0022200398';1610612761;19;20;36;24
'0022200505';1610612753;27;28;28;27
'0022200505';1610612747;33;32;27;37
'0022201005';1610612766;29;20;32;30
'0022201005';1610612762;32;26;39;22
'0022200425';1610612763;33;37;47;25
'0022200425';1610612749;18;23;30;30
'0022200233';1610612744;35;26;26;24
'0022200233';1610612752;19;31;24;27
'0022200683';1610612753;23;33;32;35
'0022200683';1610612740;30;30;31;19
'0022201111';1610612758;32;23;35;31
'0022201111';1610612762;26;35;17;35
'0022200095';1610612747;26;29;38;28
'0022200095';1610612743;31;20;34;25
'0022200648';1610612765;22;33;25;24
'0022200648';1610612752;39;23;28;27
'0022200006';1610612751;14;36;28;30
'0022200006';1610612740;32;26;40;32
'0022201148';1610612766;23;23;31;14
'0022201148';1610612741;31;31;28;31
'0022200934';1610612765;36;18;32;29
'0022200934';1610612741;38;31;32;16
'0022201157';1610612750;29;36;18;28
'0022201157';1610612747;27;28;35;33
'0022200802';1610612766;37;21;27;28
'0022200802';1610612753;28;34;28;29
'0022200038';1610612737;30;25;29;25
'0022200038';1610612766;22;37;45;22
'0022200562';1610612760;34;40;48;28
'0022200562';1610612738;33;21;37;26
'0022200324';1610612747;24;42;31;31
'0022200324';1610612757;22;40;20;27
'0022200553';1610612754;29;37;25;31
'0022200553';1610612761;33;24;33;24
'0022200266';1610612761;26;25;25;22
'0022200266';1610612751;38;14;39;21
'0022200099';1610612761;34;30;31;44
'0022200099';1610612737;28;25;27;29
'0022200370';1610612750;35;28;27;31
'0022200370';1610612754;17;44;29;25
'0022201056';1610612746;30;25;27;26
'0022201056';1610612753;31;26;17;39
'0022200604';1610612746;26;26;35;21
'0022200604';1610612737;25;41;19;27
'0022200059';1610612761;35;28;26;30
'0022200059';1610612755;27;26;26;30
'0022200558';1610612744;38;32;25;26
'0022200558';1610612737;26;27;42;26
'0022200356';1610612745;27;29;34;18
'0022200356';1610612755;30;25;29;24
'0022200121';1610612754;28;34;18;21
'0022200121';1610612748;29;21;27;22
'0022200033';1610612749;41;26;31;27
'0022200033';1610612745;23;25;31;26
'0022200100';1610612749;34;26;28;22
'0022200100';1610612765;23;29;25;31
'0022200119';1610612760;29;28;38;15
'0022200119';1610612743;42;29;22;29
'0022200643';1610612754;28;24;27;33
'0022200643';1610612763;36;32;29;33
'0022200992';1610612765;23;27;33;20
'0022200992';1610612766;31;28;34;20
'0022200279';1610612763;44;24;38;26
'0022200279';1610612740;25;23;29;34
'0022201115';1610612737;27;29;0;33
'0022201115';1610612763;34;27;0;35
'0022200418';1610612741;28;27;33;29
'0022200418';1610612752;29;35;28;25
'0022200374';1610612748;20;36;28;31
'0022200374';1610612746;28;26;33;23
'0022200762';1610612756;31;31;20;32
'0022200762';1610612761;28;25;31;22
'0022201151';1610612764;32;31;33;13
'0022201151';1610612753;24;36;25;31
'0022200906';1610612752;42;31;29;26
'0022200906';1610612740;26;26;30;24
'0022200688';1610612743;37;24;38;35
'0022200688';1610612754;28;25;29;29
'0022200723';1610612749;26;32;23;26
'0022200723';1610612743;27;26;20;26
'0022200089';1610612738;34;24;29;25
'0022200089';1610612764;15;32;21;26
'0022200129';1610612750;26;28;30;18
'0022200129';1610612749;34;27;34;20
'0022201214';1610612759;35;33;23;40
'0022201214';1610612750;35;45;39;32
'0022200406';1610612759;29;36;27;20
'0022200406';1610612739;27;22;29;33
'0022201171';1610612745;21;39;23;26
'0022201171';1610612747;35;35;31;33
'0022200054';1610612760;23;26;35;24
'0022200054';1610612746;18;25;25;26
'0022200756';1610612755;30;32;28;19
'0022200756';1610612753;17;35;42;25
'0022200155';1610612742;29;24;19;24
'0022200155';1610612751;34;16;23;21
'0022200023';1610612752;30;42;31;27
'0022200023';1610612765;20;32;29;25
'0022200923';1610612737;27;29;34;26
'0022200923';1610612764;27;25;33;34
'0022200476';1610612746;37;34;26;29
'0022200476';1610612766;19;21;34;31
'0022200042';1610612744;39;50;24;17
'0022200042';1610612758;36;35;23;31
'0022200884';1610612750;36;23;28;19
'0022200884';1610612764;21;30;25;38
'0022200079';1610612756;21;36;36;31
'0022200079';1610612740;27;25;31;28
'0022200242';1610612758;38;30;34;35
'0022200242';1610612765;33;37;32;27
'0022200225';1610612739;28;30;24;23
'0022200225';1610612766;14;32;24;35
'0022201135';1610612744;25;21;39;35
'0022201135';1610612740;36;27;26;20
'0022200246';1610612742;25;31;18;23
'0022200246';1610612743;25;30;24;19
'0022200436';1610612742;31;41;38;20
'0022200436';1610612757;32;31;22;25
'0022200261';1610612739;28;29;30;27
'0022200261';1610612757;21;27;27;21
'0022200493';1610612752;37;26;33;16
'0022200493';1610612755;25;35;35;24
'0022200729';1610612747;25;28;28;32
'0022200729';1610612759;30;24;28;22
'0022200255';1610612746;34;32;22;33
'0022200255';1610612762;24;32;37;21
'0022200286';1610612761;24;30;27;24
'0022200286';1610612742;29;23;21;27
'0022200617';1610612746;31;38;19;25
'0022200617';1610612742;25;22;31;23
'0022200446';1610612754;28;25;32;21
'0022200446';1610612752;29;25;30;25
'0022201010';1610612763;27;29;21;35
'0022201010';1610612742;23;27;33;25
'0022200109';1610612748;33;20;24;33
'0022200109';1610612758;32;19;25;31
'0022200792';1610612762;22;28;28;30
'0022200792';1610612737;32;30;29;24
'0022200464';1610612756;30;18;30;32
'0022200464';1610612764;27;26;27;33
'0022200961';1610612758;30;34;38;32
'0022200961';1610612750;36;38;31;33
'0022200656';1610612766;22;33;31;32
'0022200656';1610612738;35;31;26;38
'0022200469';1610612738;22;21;42;27
'0022200469';1610612754;42;29;29;17
'0022200607';1610612752;22;29;27;29
'0022200607';1610612749;22;24;27;38
'0022200487';1610612745;24;26;34;22
'0022200487';1610612742;30;31;20;31
'0022200910';1610612749;33;20;22;29
'0022200910';1610612756;26;20;28;27
'0022200440';1610612739;27;20;20;29
'0022200440';1610612742;29;20;26;21
'0022200159';1610612766;30;23;26;16
'0022200159';1610612757;25;33;28;19
'0022200088';1610612746;25;27;15;24
'0022200088';1610612740;18;34;26;34
'0022200111';1610612741;27;34;23;22
'0022200111';1610612766;26;26;18;18
'0022201031';1610612760;24;28;38;31
'0022201031';1610612751;33;29;20;25
'0022200789';1610612745;21;27;24;39
'0022200789';1610612761;20;35;30;32
'0022200780';1610612752;28;23;26;29
'0022200780';1610612748;22;26;24;32
'0022201090';1610612750;39;28;27;31
'0022201090';1610612737;40;22;35;27
'0022200626';1610612755;35;22;28;29
'0022200626';1610612760;35;32;34;32
'0022200028';1610612755;25;26;26;28
'0022200028';1610612759;19;35;31;29
'0022201057';1610612754;24;37;34;26
'0022201057';1610612755;34;38;34;35
'0022201119';1610612761;37;26;24;27
'0022201119';1610612764;21;25;38;20
'0022200135';1610612752;29;37;30;22
'0022200135';1610612738;32;35;34;32
'0022200039';1610612739;30;27;26;20
'0022200039';1610612764;31;20;25;27
'0022201077';1610612753;26;34;27;35
'0022201077';1610612764;25;31;32;24
'0022201045';1610612749;40;24;37;22
'0022201045';1610612754;30;25;49;35
'0022200322';1610612762;35;23;36;31
'0022200322';1610612746;26;34;25;27
'0022200540';1610612741;30;25;22;25
'0022200540';1610612739;28;32;24;19
'0022200384';1610612740;26;29;40;33
'0022200384';1610612756;27;25;30;35
'0022200895';1610612764;38;26;24;21
'0022200895';1610612752;27;33;29;26
'0022200064';1610612743;26;28;32;24
'0022200064';1610612747;22;32;17;28
'0022200764';1610612739;26;26;27;18
'0022200764';1610612748;24;31;24;21
'0022200214';1610612737;18;35;25;23
'0022200214';1610612738;30;32;35;29
'0022200368';1610612763;27;30;37;29
'0022200368';1610612760;25;27;35;15
'0022201226';1610612760;20;27;38;30
'0022201226';1610612763;24;25;24;27
'0022200479';1610612753;34;27;33;39
'0022200479';1610612759;28;33;28;24
'0022200718';1610612756;36;22;40;30
'0022200718';1610612766;15;32;30;20
'0022200005';1610612737;26;33;25;33
'0022200005';1610612745;20;30;30;27
'0022200741';1610612755;29;29;38;30
'0022200741';1610612743;38;35;26;20
'0022201149';1610612754;36;29;25;31
'0022201149';1610612760;32;29;33;23
'0022200297';1610612753;32;13;26;32
'0022200297';1610612755;36;31;32;34
'0022200598';1610612754;15;32;26;43
'0022200598';1610612766;27;18;34;32
'0022200581';1610612755;30;25;29;28
'0022200581';1610612741;25;34;40;27
'0022200423';1610612746;19;19;29;32
'0022200423';1610612750;21;22;22;23
'0022201030';1610612740;24;16;35;33
'0022201030';1610612747;39;36;23;25
'0022200482';1610612738;22;32;34;33
'0022200482';1610612750;29;27;30;23
'0022200890';1610612761;23;31;38;23
'0022200890';1610612740;19;26;32;33
'0022200928';1610612760;38;28;21;30
'0022200928';1610612758;44;27;22;30
'0022200767';1610612749;34;30;33;27
'0022200767';1610612766;27;37;26;25
'0022200945';1610612744;26;19;42;0
'0022200945';1610612746;27;29;16;0
'0022200169';1610612759;32;27;35;18
'0022200169';1610612763;38;28;23;23
'0022200107';1610612739;35;15;33;24
'0022200107';1610612738;27;29;20;31
'0022200942';1610612764;24;35;30;30
'0022200942';1610612761;20;30;28;30
'0022201109';1610612743;37;26;34;32
'0022201109';1610612749;38;28;19;21
'0022200797';1610612749;34;28;32;29
'0022200797';1610612748;26;36;30;23
'0022201088';1610612763;37;38;26;29
'0022201088';1610612745;34;30;32;29
'0022200804';1610612752;24;27;25;32
'0022200804';1610612755;35;18;26;18
'0022200315';1610612751;29;28;23;33
'0022200315';1610612764;28;25;24;30
'0022200077';1610612759;36;26;32;35
'0022200077';1610612741;29;31;34;30
'0022201201';1610612756;27;29;33;30
'0022201201';1610612743;25;30;31;29
'0022200517';1610612737;30;33;17;27
'0022200517';1610612751;31;25;27;25
'0022200786';1610612754;28;32;27;20
'0022200786';1610612758;27;21;32;24
'0022200408';1610612746;29;27;32;25
'0022200408';1610612738;25;22;25;21
'0022200939';1610612749;31;45;32;31
'0022200939';1610612753;29;37;30;21
'0022201073';1610612752;32;38;38;26
'0022201073';1610612750;42;37;30;31
'0022201067';1610612745;28;16;34;29
'0022201067';1610612740;38;26;28;25
'0022200305';1610612743;42;28;36;23
'0022200305';1610612745;39;29;23;22
'0022200843';1610612757;35;33;37;24
'0022200843';1610612760;33;39;31;35
'0022200941';1610612757;31;25;35;19
'0022200941';1610612740;29;24;37;31
'0022200284';1610612744;37;22;38;32
'0022200284';1610612762;23;28;35;32
'0022200937';1610612752;47;34;29;32
'0022200937';1610612751;29;28;30;31
'0022200894';1610612758;29;37;34;33
'0022200894';1610612757;37;20;34;25
'0022200560';1610612746;28;21;34;17
'0022200560';1610612748;34;33;14;29
'0022201164';1610612751;30;23;32;26
'0022201164';1610612762;17;25;26;42
'0022200319';1610612760;32;28;28;31
'0022200319';1610612759;35;42;19;15
'0022200365';1610612752;31;22;36;24
'0022200365';1610612737;20;21;26;22
'0022200149';1610612737;25;27;37;28
'0022200149';1610612749;36;22;22;18
'0022200730';1610612738;34;26;25;25
'0022200730';1610612752;26;32;33;19
'0022200498';1610612739;22;27;30;38
'0022200498';1610612751;34;31;26;34
'0022201163';1610612766;25;27;37;19
'0022201163';1610612761;35;32;34;27
'0022200194';1610612764;23;32;27;20
'0022200194';1610612763;19;32;23;18
'0022200807';1610612740;34;36;34;32
'0022200807';1610612758;26;26;24;28
'0022200638';1610612762;36;25;27;24
'0022200638';1610612753;27;29;27;25
'0022200395';1610612740;29;28;41;19
'0022200395';1610612756;36;22;35;24
'0022200448';1610612761;26;28;26;30
'0022200448';1610612744;36;32;34;24
'0022201046';1610612756;30;33;31;22
'0022201046';1610612753;31;27;27;28
'0022201110';1610612756;26;32;31;36
'0022201110';1610612755;24;29;30;22
'0022200373';1610612756;21;21;23;33
'0022200373';1610612738;31;38;35;21
'0022200443';1610612760;25;39;27;24
'0022200443';1610612763;21;22;33;33
'0022200269';1610612759;19;28;38;25
'0022200269';1610612740;29;37;38;25
'0022200898';1610612750;32;32;25;24
'0022200898';1610612766;37;35;24;25
'0022200092';1610612759;26;31;28;22
'0022200092';1610612750;23;24;23;28
'0022200179';1610612760;29;41;36;26
'0022200179';1610612761;24;32;29;28
'0022200309';1610612765;32;24;21;33
'0022200309';1610612752;40;30;38;32
'0022200579';1610612743;32;34;36;20
'0022200579';1610612746;15;17;27;32
'0022200628';1610612748;14;31;33;30
'0022200628';1610612749;23;22;28;29
'0022200681';1610612756;35;30;29;23
'0022200681';1610612751;29;22;23;38
'0022200753';1610612763;23;27;30;0
'0022200753';1610612754;32;30;17;0
'0022200327';1610612737;28;32;30;27
'0022200327';1610612743;25;21;35;28
'0022200462';1610612748;21;36;20;26
'0022200462';1610612741;31;21;36;25
'0022200081';1610612758;32;39;19;29
'0022200081';1610612748;23;26;33;31
'0022200076';1610612750;28;24;26;33
'0022200076';1610612747;25;27;23;27
'0022200965';1610612751;36;34;16;16
'0022200965';1610612766;21;20;21;24
'0022201160';1610612756;32;28;24;16
'0022201160';1610612743;20;20;34;19
'0022201043';1610612751;24;17;30;25
'0022201043';1610612758;24;30;28;19
'0022200273';1610612753;29;27;20;23
'0022200273';1610612755;24;28;30;25
'0022200862';1610612752;32;26;35;31
'0022200862';1610612751;26;35;22;23
'0022200372';1610612762;30;36;34;24
'0022200372';1610612744;35;34;22;32
'0022200624';1610612743;34;36;30;26
'0022200624';1610612756;28;26;21;22
'0022200480';1610612755;24;27;34;34
'0022200480';1610612746;33;30;22;29
'0022200445';1610612738;23;18;30;21
'0022200445';1610612753;26;24;18;27
'0022200549';1610612743;37;25;36;25
'0022200549';1610612738;28;26;31;26
'0022201118';1610612753;24;36;32;27
'0022201118';1610612751;25;26;23;32
'0022200622';1610612752;37;25;33;24
'0022200622';1610612754;21;20;40;32
'0022200513';1610612744;37;28;24;21
'0022200513';1610612766;26;26;26;27
'0022200678';1610612765;24;32;23;29
'0022200678';1610612741;31;34;28;33
'0022200863';1610612741;21;23;24;23
'0022200863';1610612753;25;24;27;24
'0022200228';1610612745;25;25;20;21
'0022200228';1610612754;10;35;26;28
'0022200679';1610612738;25;29;28;24
'0022200679';1610612744;26;29;34;17
'0022200732';1610612766;32;15;30;34
'0022200732';1610612741;36;19;24;17
'0022200021';1610612751;28;21;29;31
'0022200021';1610612761;24;28;27;26
'0022200146';1610612765;28;20;36;28
'0022200146';1610612760;33;30;22;18
'0022200352';1610612766;26;28;36;27
'0022200352';1610612746;28;35;21;35
'0022200460';1610612758;30;33;29;27
'0022200460';1610612766;39;27;25;34
'0022200832';1610612737;36;20;37;23
'0022200832';1610612756;22;25;28;32
'0022201191';1610612737;33;34;39;28
'0022201191';1610612764;32;28;30;26
'0022200994';1610612753;28;28;41;27
'0022200994';1610612762;29;35;33;34
'0022200265';1610612748;28;32;23;30
'0022200265';1610612764;26;17;37;25
'0022200084';1610612741;22;34;31;22
'0022200084';1610612755;37;27;26;24
'0022200697';1610612756;29;30;28;25
'0022200697';1610612754;27;30;26;24
'0022200837';1610612755;28;31;33;27
'0022200837';1610612752;36;29;28;15
'0022200601';1610612745;33;29;19;15
'0022200601';1610612750;24;34;19;27
'0022200069';1610612758;28;28;27;27
'0022200069';1610612763;32;31;31;31
'0022200415';1610612754;27;47;19;32
'0022200415';1610612744;26;28;33;32
'0022200966';1610612753;27;29;32;31
'0022200966';1610612757;31;27;34;30
'0022200057';1610612765;32;29;28;24
'0022200057';1610612737;36;26;27;29
'0022200208';1610612762;27;31;27;26
'0022200208';1610612752;23;38;22;35
'0022200299';1610612755;23;28;30;23
'0022200299';1610612737;34;21;26;20
'0022200412';1610612762;29;23;39;30
'0022200412';1610612740;30;15;26;29
'0022200452';1610612739;29;33;28;32
'0022200452';1610612762;21;23;27;28
'0022200428';1610612766;24;35;33;14
'0022200428';1610612737;38;37;23;27
'0022201134';1610612760;23;45;31;35
'0022201134';1610612766;26;31;36;44
'0022201136';1610612754;30;39;38;29
'0022201136';1610612749;34;39;46;30
'0022200400';1610612737;22;36;27;25
'0022200400';1610612741;27;23;28;32
'0022201108';1610612748;36;33;18;13
'0022201108';1610612751;28;37;39;25
'0022200645';1610612750;27;22;28;33
'0022200645';1610612739;25;29;26;22
'0022200550';1610612752;23;31;25;23
'0022200550';1610612756;11;20;27;25
'0022201098';1610612764;33;33;33;37
'0022201098';1610612759;26;36;36;26
'0022200270';1610612762;25;29;36;26
'0022200270';1610612765;30;36;32;27
'0022201042';1610612765;28;36;22;14
'0022201042';1610612743;29;29;28;33
'0022200311';1610612757;30;31;34;17
'0022200311';1610612746;25;28;29;36
'0022200330';1610612739;27;27;28;25
'0022200330';1610612753;25;22;17;32
'0022200959';1610612759;32;36;22;20
'0022200959';1610612745;29;41;25;27
'0022201092';1610612747;23;36;29;34
'0022201092';1610612756;26;26;33;26
'0022200999';1610612764;29;21;25;32
'0022200999';1610612737;24;32;29;29
'0022200739';1610612760;27;20;31;34
'0022200739';1610612739;25;29;24;22
'0022200914';1610612739;34;30;28;26
'0022200914';1610612761;28;24;24;17
'0022200785';1610612765;29;40;23;26
'0022200785';1610612766;30;38;26;18
'0022200510';1610612763;22;27;31;28
'0022200510';1610612756;23;42;32;28
'0022200662';1610612750;27;31;37;30
'0022200662';1610612762;27;25;35;39
'0022200439';1610612759;28;27;29;17
'0022200439';1610612748;25;27;28;31
'0022200816';1610612753;26;22;21;29
'0022200816';1610612752;22;18;26;36
'0022200539';1610612766;22;27;30;27
'0022200539';1610612751;32;29;36;26
'0022200387';1610612748;29;28;27;27
'0022200387';1610612759;25;34;27;29
'0022200921';1610612752;27;33;28;21
'0022200921';1610612738;15;31;29;19
'0022201038';1610612745;31;31;21;31
'0022201038';1610612747;19;29;26;36
'0022200040';1610612740;24;29;31;26
'0022200040';1610612762;26;37;30;17
'0022200827';1610612745;37;25;35;31
'0022200827';1610612758;30;28;41;31
'0022200250';1610612741;28;35;32;26
'0022200250';1610612738;23;27;29;28
'0022201039';1610612750;23;20;28;31
'0022201039';1610612738;23;21;33;27
'0022200671';1610612745;31;29;24;33
'0022200671';1610612766;36;17;30;39
'0022201099';1610612761;38;34;20;26
'0022201099';1610612765;26;26;21;24
'0022201035';1610612739;24;36;23;26
'0022201035';1610612755;29;26;29;34
'0022200641';1610612748;28;25;24;34
'0022200641';1610612749;20;25;26;24
'0022200571';1610612750;29;31;29;24
'0022200571';1610612757;24;29;32;21
'0022200825';1610612748;39;21;29;27
'0022200825';1610612754;30;33;20;28
'0022200915';1610612760;26;24;40;25
'0022200915';1610612758;36;22;36;30
'0022200595';1610612758;38;35;36;25
'0022200595';1610612747;37;36;36;27
'0022201125';1610612762;26;26;29;22
'0022201125';1610612756;37;20;27;33
'0022201102';1610612762;25;33;27;31
'0022201102';1610612749;40;32;43;29
'0022200955';1610612747;34;21;21;26
'0022200955';1610612750;33;23;27;27
'0022200946';1610612766;26;22;25;33
'0022200946';1610612753;31;33;27;26
'0022200086';1610612742;25;26;20;28
'0022200086';1610612760;27;19;26;27
'0022200150';1610612748;28;32;21;26
'0022200150';1610612757;28;25;20;37
'0022200430';1610612738;28;26;27;28
'0022200430';1610612753;32;30;26;29
'0022200551';1610612766;21;24;31;39
'0022200551';1610612747;22;38;34;27
'0022201189';1610612765;34;23;33;18
'0022201189';1610612751;47;27;22;27
'0022201147';1610612743;17;23;0;30
'0022201147';1610612740;21;29;0;32
'0022200806';1610612750;32;31;31;34
'0022200806';1610612743;21;22;28;27
'0022200276';1610612754;23;34;31;40
'0022200276';1610612751;35;30;29;23
'0022200338';1610612746;24;14;31;27
'0022200338';1610612758;38;22;30;33
'0022201076';1610612762;40;28;27;33
'0022201076';1610612758;19;33;43;25
'0022200691';1610612758;33;26;32;27
'0022200691';1610612760;32;34;22;25
'0022200453';1610612755;22;35;21;21
'0022200453';1610612761;23;23;32;21
'0022200133';1610612766;21;23;26;24
'0022200133';1610612751;30;22;17;29
'0022200952';1610612743;28;22;30;33
'0022200952';1610612763;27;31;22;17
'0022200777';1610612756;23;24;20;33
'0022200777';1610612737;26;40;36;30
'0022200840';1610612748;28;30;17;22
'0022200840';1610612745;29;27;17;22
'0022201082';1610612746;22;29;30;19
'0022201082';1610612760;23;33;24;21
'0022201049';1610612739;31;30;23;33
'0022201049';1610612764;24;20;30;20
'0022200310';1610612742;36;19;37;24
'0022200310';1610612744;24;30;33;26
'0022200041';1610612760;18;26;30;32
'0022200041';1610612750;31;22;29;34
'0022200289';1610612756;22;29;27;35
'0022200289';1610612762;32;22;27;31
'0022200585';1610612759;31;20;35;35
'0022200585';1610612765;28;20;28;33
'0022200348';1610612752;23;23;25;21
'0022200348';1610612739;16;27;20;18
'0022201216';1610612738;29;32;39;20
'0022201216';1610612737;31;33;26;24
'0022200209';1610612757;30;32;31;24
'0022200209';1610612759;29;27;33;21
'0022200504';1610612757;30;31;40;23
'0022200504';1610612766;34;33;28;18
'0022200618';1610612765;31;34;36;34
'0022200618';1610612750;34;30;23;31
'0022200263';1610612737;35;37;25;18
'0022200263';1610612758;26;31;31;18
'0022200141';1610612761;21;34;28;30
'0022200141';1610612741;30;19;33;22
'0022200788';1610612738;20;24;29;21
'0022200788';1610612756;24;33;17;32
'0022200085';1610612749;32;27;32;32
'0022200085';1610612737;30;21;33;31
'0022201145';1610612757;20;26;18;16
'0022201145';1610612758;19;31;33;37
'0022200935';1610612738;26;29;41;21
'0022200935';1610612739;28;24;26;35
'0022200839';1610612761;34;27;35;20
'0022200839';1610612762;28;30;25;39
'0022200689';1610612762;22;33;28;23
'0022200689';1610612751;28;23;32;34
'0022200337';1610612752;32;27;15;26
'0022200337';1610612742;20;32;41;28
'0022201228';1610612747;31;34;34;29
'0022201228';1610612762;25;31;39;22
'0022201040';1610612759;29;33;32;27
'0022201040';1610612742;28;32;28;33
'0022200331';1610612749;31;27;39;32
'0022200331';1610612747;33;33;35;32
'0022200187';1610612754;28;24;30;36
'0022200187';1610612761;26;39;25;14
'0022200529';1610612753;20;27;26;27
'0022200529';1610612764;27;29;42;21
'0022200097';1610612764;28;24;21;38
'0022200097';1610612755;30;22;34;32
'0022200787';1610612764;36;33;25;22
'0022200787';1610612757;19;32;39;34
'0022201213';1610612762;32;26;31;29
'0022201213';1610612743;19;36;40;19
'0022200630';1610612747;22;26;28;25
'0022200630';1610612742;36;23;23;19
'0022200470';1610612751;46;45;18;34
'0022200470';1610612744;17;34;28;34
'0022200717';1610612742;28;32;37;29
'0022200717';1610612764;32;33;34;28
'0022200199';1610612765;23;28;26;34
'0022200199';1610612761;27;31;30;27
'0022200118';1610612753;30;23;43;34
'0022200118';1610612744;30;35;33;31
'0022201229';1610612756;28;25;33;28
'0022201229';1610612746;19;29;34;37
'0022200381';1610612739;20;29;31;15
'0022200381';1610612758;31;18;30;27
'0022200613';1610612761;35;37;24;36
'0022200613';1610612766;34;32;28;26
'0022200271';1610612744;32;34;32;26
'0022200271';1610612746;29;18;35;25
'0022200848';1610612753;29;25;25;18
'0022200848';1610612748;19;27;26;25
'0022200463';1610612752;33;36;31;32
'0022200463';1610612744;25;31;25;13
'0022200670';1610612742;37;25;35;25
'0022200670';1610612737;40;25;33;32
'0022200627';1610612751;31;26;25;16
'0022200627';1610612738;29;31;24;25
'0022200431';1610612739;29;25;29;35
'0022200431';1610612754;31;30;33;18
'0022201210';1610612742;29;38;24;21
'0022201210';1610612741;26;28;31;30
'0022200307';1610612758;26;38;20;33
'0022200307';1610612756;31;32;28;31
'0022200391';1610612741;40;42;31;31
'0022200391';1610612742;30;23;32;30
'0022200094';1610612756;29;36;25;34
'0022200094';1610612745;24;32;30;23
'0022200344';1610612740;27;32;28;34
'0022200344';1610612743;31;29;21;25
'0022200345';1610612759;30;11;30;24
'0022200345';1610612756;35;36;35;27
'0022200325';1610612765;36;25;38;18
'0022200325';1610612742;36;24;29;28
'0022200421';1610612742;19;22;27;22
'0022200421';1610612739;26;34;23;22
'0022200608';1610612763;35;37;25;24
'0022200608';1610612759;25;36;31;21
'0022200682';1610612757;14;20;31;30
'0022200682';1610612755;26;31;22;26
'0022200720';1610612753;46;27;29;24
'0022200720';1610612754;29;39;23;29
'0022200932';1610612746;33;23;19;26
'0022200932';1610612750;26;32;28;22
'0022200332';1610612763;29;35;28;25
'0022200332';1610612755;30;24;22;33
'0022200508';1610612754;30;34;32;33
'0022200508';1610612737;27;27;32;28
'0022200521';1610612744;27;27;34;24
'0022200521';1610612762;37;22;35;13
'0022200429';1610612765;29;34;23;27
'0022200429';1610612758;28;27;38;29
'0022201206';1610612738;34;34;27;26
'0022201206';1610612761;16;24;33;29
'0022200124';1610612738;26;37;30;30
'0022200124';1610612741;31;26;30;32
'0022200496';1610612744;33;26;40;24
'0022200496';1610612763;29;25;30;25
'0022200637';1610612750;35;29;28;29
'0022200637';1610612756;25;24;26;41
'0022200776';1610612762;31;34;31;35
'0022200776';1610612761;25;35;32;36
'0022200779';1610612739;30;37;32;29
'0022200779';1610612763;26;28;33;26
'0022200243';1610612751;28;29;39;31
'0022200243';1610612763;29;33;31;22
'0022200567';1610612755;27;39;31;23
'0022200567';1610612754;28;33;23;36
'0022200524';1610612754;29;35;35;36
'0022200524';1610612739;34;34;28;30
'0022200380';1610612751;36;32;28;24
'0022200380';1610612737;30;34;26;26
'0022200948';1610612738;37;27;20;21
'0022200948';1610612751;15;40;34;26
'0022200791';1610612759;26;35;26;38
'0022200791';1610612755;26;47;33;31
'0022200696';1610612750;26;24;37;26
'0022200696';1610612745;26;26;32;20
'0022200234';1610612747;30;38;28;32
'0022200234';1610612765;37;27;31;26
'0022201120';1610612757;37;25;32;18
'0022201120';1610612760;25;43;28;22
'0022201060';1610612741;33;37;20;23
'0022201060';1610612748;19;26;32;22
'0022200929';1610612742;33;26;39;24
'0022200929';1610612754;31;38;37;18
'0022200254';1610612760;34;24;29;32
'0022200254';1610612752;38;31;29;31
'0022200874';1610612754;15;27;40;35
'0022200874';1610612741;39;19;28;27
'0022200823';1610612764;32;29;27;30
'0022200823';1610612766;31;30;15;28
'0022200535';1610612743;23;37;25;39
'0022200535';1610612748;19;38;33;29
'0022200944';1610612759;21;31;31;27
'0022200944';1610612754;29;25;16;29
'0022201188';1610612756;42;27;28;18
'0022201188';1610612759;25;26;25;18
'0022200523';1610612766;36;21;28;36
'0022200523';1610612760;30;30;24;29
'0022200958';1610612748;29;37;21;30
'0022200958';1610612737;26;23;26;34
'0022200491';1610612758;27;23;33;28
'0022200491';1610612764;28;40;34;23
'0022201208';1610612749;31;41;15;27
'0022201208';1610612763;36;35;37;29
'0022200647';1610612757;31;40;35;30
'0022200647';1610612742;30;26;34;29
'0022200870';1610612756;27;35;28;30
'0022200870';1610612758;29;29;28;23
'0022200216';1610612749;34;27;34;18
'0022200216';1610612739;37;23;18;20
'0022201138';1610612752;19;29;28;25
'0022201138';1610612748;23;23;30;16
'0022201179';1610612764;29;33;35;31
'0022201179';1610612749;32;43;39;26
'0022200790';1610612750;34;23;18;45
'0022200790';1610612753;27;37;26;37
'0022201159';1610612757;27;32;30;25
'0022201159';1610612758;36;35;33;34
'0022200217';1610612740;32;26;37;29
'0022200217';1610612741;28;25;25;32
'0022200067';1610612760;34;19;36;29
'0022200067';1610612746;24;36;27;23
'0022200304';1610612740;34;22;25;24
'0022200304';1610612760;26;24;24;27
'0022201169';1610612753;34;29;28;37
'0022201169';1610612765;29;15;24;34
'0022200882';1610612747;38;17;34;31
'0022200882';1610612740;25;26;24;27
'0022200134';1610612737;29;31;28;21
'0022200134';1610612740;28;24;33;24
'0022200186';1610612765;29;28;24;27
'0022200186';1610612738;30;25;34;28
'0022200838';1610612738;32;39;26;30
'0022200838';1610612766;24;29;28;35
'0022200658';1610612739;24;23;31;35
'0022200658';1610612740;25;25;31;22
'0022201041';1610612746;28;33;38;35
'0022201041';1610612744;23;35;35;33
'0022200763';1610612757;31;33;35;30
'0022200763';1610612737;23;37;32;33
'0022200605';1610612764;37;19;32;24
'0022200605';1610612740;35;33;32;32
'0022200652';1610612759;32;32;26;29
'0022200652';1610612758;33;30;39;30
'0022201001';1610612750;33;35;20;26
'0022201001';1610612751;26;34;37;17
'0022200438';1610612746;20;30;22;30
'0022200438';1610612764;28;29;18;18
'0022200371';1610612740;27;29;23;25
'0022200371';1610612765;28;15;30;25
'0022200151';1610612741;30;28;28;25
'0022200151';1610612761;27;26;17;27
'0022200160';1610612754;27;43;25;24
'0022200160';1610612743;35;21;33;33
'0022201106';1610612747;41;33;19;23
'0022201106';1610612760;25;41;26;19
'0022201084';1610612748;31;33;28;35
'0022201084';1610612752;32;29;25;34
'0022200164';1610612751;38;31;23;20
'0022200164';1610612752;22;22;27;14
'0022201021';1610612737;29;23;33;30
'0022201021';1610612750;40;36;30;30
'0022200017';1610612766;24;27;34;27
'0022200017';1610612740;35;26;32;31
'0022201083';1610612764;29;28;16;31
'0022201083';1610612743;31;24;39;24
'0022201176';1610612766;29;20;26;25
'0022201176';1610612761;25;36;33;26
'0022200606';1610612738;28;31;25;23
'0022200606';1610612741;25;25;23;26
'0022200007';1610612748;33;26;27;22
'0022200007';1610612741;28;31;37;20
'0022200143';1610612746;29;27;29;17
'0022200143';1610612762;29;34;21;26
'0022201211';1610612758;16;32;25;24
'0022201211';1610612744;32;21;33;33
'0022200615';1610612744;26;19;34;34
'0022200615';1610612756;31;28;39;27
'0022200544';1610612750;39;25;24;16
'0022200544';1610612765;28;22;38;28
'0022200175';1610612740;27;30;17;21
'0022200175';1610612757;27;24;27;28
'0022200620';1610612737;19;27;36;23
'0022200620';1610612749;39;28;22;25
'0022201002';1610612759;26;42;30;30
'0022201002';1610612743;38;29;26;27
'0022201218';1610612739;25;29;21;20
'0022201218';1610612766;17;32;21;36
'0022200623';1610612763;32;44;36;23
'0022200623';1610612759;37;25;35;32
'0022201155';1610612745;31;27;33;30
'0022201155';1610612765;28;33;31;23
'0022200953';1610612744;21;33;28;26
'0022200953';1610612740;35;22;21;21
'0022200735';1610612746;41;37;26;34
'0022200735';1610612759;25;32;24;19
'0022201112';1610612746;26;30;29;25
'0022201112';1610612740;37;31;31;32
'0022200158';1610612746;31;33;24;31
'0022200158';1610612739;37;27;23;30
'0022201015';1610612766;35;24;30;19
'0022201015';1610612739;25;27;29;33
'0022201036';1610612748;29;34;42;33
'0022201036';1610612763;27;24;26;42
'0022200486';1610612748;28;30;24;26
'0022200486';1610612754;31;25;28;27
'0022200995';1610612749;37;27;23;31
'0022200995';1610612751;20;27;33;33
'0022200393';1610612743;28;33;31;23
'0022200393';1610612762;26;26;38;20
'0022200899';1610612756;29;36;29;30
'0022200899';1610612760;30;30;27;28
'0022201048';1610612737;39;32;33;23
'0022201048';1610612744;31;35;30;23
'0022201079';1610612751;30;25;23;31
'0022201079';1610612739;23;38;33;21
'0022200971';1610612739;26;30;22;31
'0022200971';1610612738;33;35;24;17
'0022200869';1610612749;27;37;26;26
'0022200869';1610612738;35;28;32;21
'0022201072';1610612755;22;18;28;23
'0022201072';1610612741;17;27;25;22
'0022200257';1610612763;31;28;17;33
'0022200257';1610612758;28;36;24;25
'0022200854';1610612758;34;28;24;28
'0022200854';1610612742;32;32;24;26
'0022200176';1610612738;33;33;31;34
'0022200176';1610612743;25;32;34;21
'0022201024';1610612745;31;31;23;26
'0022201024';1610612738;29;26;25;29
'0022200996';1610612763;48;29;22;32
'0022200996';1610612744;28;31;34;17
'0022201096';1610612746;36;18;38;35
'0022201096';1610612760;29;25;26;25
'0022200542';1610612759;30;34;29;32
'0022200542';1610612742;32;36;35;23
'0022200726';1610612744;24;29;37;32
'0022200726';1610612763;22;32;42;24
'0022201123';1610612754;27;20;27;30
'0022201123';1610612742;29;30;40;28
'0022200277';1610612748;28;28;29;25
'0022200277';1610612764;38;21;26;22
'0022200998';1610612755;29;27;29;35
'0022200998';1610612757;37;34;25;23
'0022200575';1610612758;30;28;30;29
'0022200575';1610612737;30;31;30;29
'0022200026';1610612744;34;18;36;35
'0022200026';1610612743;40;30;28;30
'0022200534';1610612740;31;36;32;28
'0022200534';1610612755;27;33;31;25
'0022200045';1610612748;23;20;33;14
'0022200045';1610612761;27;21;23;27
'0022200502';1610612740;24;33;33;23
'0022200502';1610612754;18;20;24;31
'0022201044';1610612761;29;35;29;35
'0022201044';1610612760;28;31;28;24
'0022200184';1610612746;19;31;21;24
'0022200184';1610612751;24;30;21;35
'0022200761';1610612742;30;23;30;28
'0022200761';1610612765;27;30;27;21
'0022200573';1610612744;26;30;32;31
'0022200573';1610612765;34;26;31;31
'0022200103';1610612751;27;31;22;19
'0022200103';1610612741;25;27;25;31
'0022200507';1610612738;22;34;36;34
'0022200507';1610612745;21;28;32;21
'0022200207';1610612742;30;24;15;34
'0022200207';1610612746;15;17;33;36
'0022200990';1610612756;34;26;44;28
'0022200990';1610612760;21;31;28;21
'0022200258';1610612743;29;28;24;27
'0022200258';1610612765;28;30;25;27
'0022200343';1610612762;31;29;30;21
'0022200343';1610612757;40;29;23;24
'0022200636';1610612741;31;27;32;20
'0022200636';1610612760;33;39;19;33
'0022200905';1610612753;25;27;22;34
'0022200905';1610612754;27;24;31;39
'0022200475';1610612758;25;41;40;28
'0022200475';1610612747;26;32;28;34
'0022200236';1610612754;22;29;38;25
'0022200236';1610612753;28;27;29;29
'0022200677';1610612747;39;21;22;29
'0022200677';1610612758;28;33;29;26
'0022200629';1610612761;38;31;28;27
'0022200629';1610612766;29;26;33;26
'0022200145';1610612753;30;35;23;39
'0022200145';1610612745;33;38;29;34
'0022200541';1610612745;35;14;21;18
'0022200541';1610612752;27;26;29;26
'0022200449';1610612750;32;39;42;37
'0022200449';1610612741;34;31;32;29
'0022201113';1610612766;30;25;26;29
'0022201113';1610612742;16;32;24;32
'0022200262';1610612754;21;27;29;24
'0022200262';1610612750;29;24;34;28
'0022200980';1610612750;27;18;23;26
'0022200980';1610612755;24;34;29;30
'0022201182';1610612741;26;27;27;25
'0022201182';1610612737;36;29;25;33
'0022200907';1610612763;28;38;28;18
'0022200907';1610612743;20;22;20;32
'0022200011';1610612759;22;25;28;27
'0022200011';1610612766;38;30;30;31
'0022200138';1610612743;40;30;29;27
'0022200138';1610612759;27;24;25;25
'0022200700';1610612761;37;25;24;39
'0022200700';1610612752;22;31;33;30
'0022200821';1610612747;34;32;33;31
'0022200821';1610612760;36;40;28;29
'0022200706';1610612765;24;31;37;38
'0022200706';1610612749;49;34;32;35
'0022201185';1610612740;22;32;26;23
'0022201185';1610612758;25;40;31;25
'0022201130';1610612764;29;35;35;31
'0022201130';1610612738;23;28;27;33
'0022200329';1610612751;41;31;21;21
'0022200329';1610612761;17;32;23;33
'0022200930';1610612762;30;18;25;21
'0022200930';1610612759;32;18;21;31
'0022201019';1610612747;27;32;27;22
'0022201019';1610612752;31;31;23;27
'0022201037';1610612741;30;28;22;34
'0022201037';1610612758;25;23;37;32
'0022200835';1610612765;19;34;38;22
'0022200835';1610612759;28;26;29;30
'0022200022';1610612748;22;29;26;27
'0022200022';1610612738;30;29;30;22
'0022201075';1610612763;30;27;26;29
'0022201075';1610612742;28;32;36;12
'0022200024';1610612745;32;38;30;22
'0022200024';1610612763;26;36;33;34
'0022200212';1610612753;24;25;31;28
'0022200212';1610612750;42;32;24;28
'0022200101';1610612762;23;38;36;24
'0022200101';1610612763;26;18;30;31
'0022200962';1610612742;25;37;33;31
'0022200962';1610612756;31;28;37;34
'0022201085';1610612761;26;26;26;36
'0022201085';1610612754;36;22;25;35
'0022200782';1610612742;40;30;25;16
'0022200782';1610612740;22;21;33;30
'0022200219';1610612743;27;27;30;19
'0022200219';1610612752;30;25;25;26
'0022200993';1610612754;38;26;34;17
'0022200993';1610612745;27;31;33;24
'0022200292';1610612746;35;24;23;32
'0022200292';1610612754;29;28;12;31
'0022200922';1610612740;25;24;25;19
'0022200922';1610612753;36;14;29;22
'0022200087';1610612762;24;38;33;29
'0022200087';1610612763;30;24;37;32
'0022200661';1610612737;38;32;21;30
'0022200661';1610612748;26;24;30;33
'0022200586';1610612740;28;36;21;17
'0022200586';1610612751;27;26;35;20
'0022200312';1610612739;25;44;21;23
'0022200312';1610612755;21;27;18;19
'0022200354';1610612737;29;30;29;26
'0022200354';1610612760;27;27;30;37
'0022201051';1610612745;31;18;31;34
'0022201051';1610612740;26;28;36;22
'0022201215';1610612746;26;38;45;27
'0022201215';1610612757;33;37;26;29
'0022200546';1610612762;30;33;35;25
'0022200546';1610612748;31;38;27;30
'0022201011';1610612740;22;22;28;24
'0022201011';1610612760;32;31;24;23
'0022200503';1610612759;31;32;33;30
'0022200503';1610612762;26;30;26;40
'0022200308';1610612747;32;30;31;22
'0022200308';1610612754;29;27;28;32
'0022200752';1610612766;26;32;33;31
'0022200752';1610612748;28;34;24;31
'0022200454';1610612737;34;34;36;22
'0022200454';1610612753;27;38;29;31
'0022200920';1610612755;22;28;30;19
'0022200920';1610612748;28;30;26;17
'0022200986';1610612738;35;25;34;21
'0022200986';1610612757;28;17;27;21
'0022200774';1610612750;32;30;20;28
'0022200774';1610612744;34;37;22;17
'0022200163';1610612738;29;34;32;33
'0022200163';1610612765;21;28;30;33
'0022200758';1610612750;17;36;28;22
'0022200758';1610612758;24;27;27;25
'0022200572';1610612740;45;30;23;21
'0022200572';1610612745;22;30;21;35
'0022200625';1610612758;31;36;27;41
'0022200625';1610612745;27;35;33;20
'0022200669';1610612752;22;26;30;27
'0022200669';1610612764;35;21;32;28
'0022200301';1610612738;45;33;43;19
'0022200301';1610612766;19;36;27;23
'0022200490';1610612756;20;18;31;31
'0022200490';1610612763;39;20;38;28
'0022200068';1610612744;31;32;29;31
'0022200068';1610612748;30;29;28;23
'0022200202';1610612748;35;23;26;29
'0022200202';1610612756;31;26;34;21
'0022200189';1610612748;34;23;45;30
'0022200189';1610612766;33;26;25;31
'0022200432';1610612755;33;22;33;30
'0022200432';1610612744;38;19;24;25
'0022200811';1610612741;39;23;28;38
'0022200811';1610612759;28;31;26;19
'0022201012';1610612744;28;22;30;31
'0022201012';1610612749;26;23;28;34
'0022200798';1610612740;30;31;42;28
'0022200798';1610612747;32;40;34;20
'0022200690';1610612747;26;23;32;41
'0022200690';1610612763;23;30;36;32
'0022200885';1610612756;23;29;32;23
'0022200885';1610612746;28;26;37;25
'0022200140';1610612747;36;28;16;20
'0022200140';1610612739;30;28;29;27
'0022200896';1610612737;32;49;27;28
'0022200896';1610612739;23;34;26;36
'0022201170';1610612758;30;28;34;31
'0022201170';1610612759;32;31;33;27
'0022201207';1610612751;27;31;20;23
'0022201207';1610612753;23;16;23;22
'0022200383';1610612763;34;27;37;16
'0022200383';1610612765;27;26;25;25
'0022200654';1610612757;33;28;37;42
'0022200654';1610612742;31;23;41;28
'0022201020';1610612765;38;29;24;26
'0022201020';1610612754;20;29;19;29
'0022201063';1610612751;21;27;23;31
'0022201063';1610612743;33;30;28;17
'0022200859';1610612754;33;18;37;29
'0022200859';1610612762;27;26;36;34
'0022200917';1610612757;32;41;29;29
'0022200917';1610612745;31;27;30;26
'0022200520';1610612740;24;25;37;33
'0022200520';1610612750;28;27;33;30
'0022201146';1610612749;26;21;27;25
'0022201146';1610612738;34;41;39;26
'0022200537';1610612758;30;30;31;35
'0022200537';1610612762;27;30;30;38
'0022200468';1610612737;25;26;26;31
'0022200468';1610612741;30;31;20;29
'0022200886';1610612739;26;31;34;18
'0022200886';1610612743;31;25;33;26
'0022200188';1610612755;37;30;32;22
'0022200188';1610612737;24;27;33;25
'0022200568';1610612752;39;23;32;23
'0022200568';1610612759;29;26;34;25
'0022200190';1610612742;35;24;26;32
'0022200190';1610612757;25;32;31;24
'0022200031';1610612748;38;33;21;20
'0022200031';1610612761;33;17;33;26
'0022200924';1610612751;34;28;23;19
'0022200924';1610612749;22;30;39;27
'0022201186';1610612762;33;24;36;31
'0022201186';1610612747;34;34;29;27
'0022200148';1610612755;33;23;19;25
'0022200148';1610612756;20;27;23;18
'0022200002';1610612744;25;34;32;32
'0022200002';1610612747;22;30;19;38
'0022200162';1610612737;22;32;36;29
'0022200162';1610612762;26;37;22;40
'0022201065';1610612759;34;27;39;26
'0022201065';1610612737;40;43;20;15
'0022200326';1610612766;36;38;33;10
'0022200326';1610612764;31;28;29;28
'0022200879';1610612763;38;25;25;29
'0022200879';1610612762;24;23;33;31
'0022200675';1610612762;36;32;27;31
'0022200675';1610612746;26;30;25;22
'0022201089';1610612749;33;33;34;30
'0022201089';1610612759;28;23;21;22
'0022200353';1610612753;21;24;27;30
'0022200353';1610612749;30;26;32;21
'0022200055';1610612756;37;35;33;29
'0022200055';1610612744;29;37;20;19
'0022200530';1610612737;33;34;28;26
'0022200530';1610612747;23;39;36;32
'0022201167';1610612737;37;33;24;29
'0022201167';1610612742;29;37;25;32
'0022200684';1610612737;35;33;34;0
'0022200684';1610612752;38;33;30;0
'0022200156';1610612744;29;26;24;37
'0022200156';1610612758;31;36;21;25
'0022200947';1610612737;31;28;38;32
'0022200947';1610612757;19;30;27;35
'0022200048';1610612745;21;30;26;37
'0022200048';1610612762;18;27;28;35
'0022200969';1610612738;34;27;26;26
'0022200969';1610612752;31;23;34;25
'0022200844';1610612758;25;31;31;27
'0022200844';1610612742;45;29;27;21
'0022200775';1610612759;31;23;30;25
'0022200775';1610612758;30;31;28;30
'0022200351';1610612757;28;26;39;23
'0022200351';1610612754;24;25;25;26
'0022200397';1610612752;36;30;29;17
'0022200397';1610612758;22;28;30;19
'0022200280';1610612749;25;27;35;30
'0022200280';1610612739;30;33;10;29
'0022200509';1610612761;29;27;26;31
'0022200509';1610612746;27;33;37;27
'0022200211';1610612766;27;36;27;23
'0022200211';1610612754;27;33;30;35
'0022200881';1610612743;26;35;31;26
'0022200881';1610612742;25;19;30;35
'0022200814';1610612744;31;29;44;37
'0022200814';1610612760;37;16;26;35
'0022200108';1610612755;25;26;39;21
'0022200108';1610612764;31;26;34;30
'0022200660';1610612764;33;31;29;25
'0022200660';1610612744;35;34;24;34
'0022200274';1610612752;31;30;25;30
'0022200274';1610612757;25;37;30;24
'0022200114';1610612759;31;18;21;30
'0022200114';1610612761;32;32;40;39
'0022200050';1610612750;28;29;14;35
'0022200050';1610612759;39;28;36;12
'0022200339';1610612766;24;21;28;23
'0022200339';1610612749;30;26;28;21
'0022200379';1610612753;37;30;27;19
'0022200379';1610612761;25;38;24;22
'0022200047';1610612741;30;35;35;20
'0022200047';1610612738;39;15;25;23
'0022200853';1610612744;22;31;26;24
'0022200853';1610612747;21;30;34;24
'0022200500';1610612748;33;26;34;20
'0022200500';1610612750;31;25;30;24
'0022200166';1610612741;22;28;32;29
'0022200166';1610612740;22;30;27;36
'0022200333';1610612759;24;28;19;28
'0022200333';1610612740;26;23;32;36
'0022200204';1610612749;24;26;30;26
'0022200204';1610612737;29;34;31;27
'0022200983';1610612742;34;25;28;33
'0022200983';1610612762;31;28;27;30
'0022200600';1610612763;23;43;32;25
'0022200600';1610612762;24;28;38;28
'0022200824';1610612738;30;29;27;20
'0022200824';1610612755;27;28;24;20
'0022201154';1610612739;47;25;30;14
'0022201154';1610612752;42;37;26;25
'0022200260';1610612766;21;32;26;28
'0022200260';1610612755;33;21;21;26
'0022200828';1610612762;31;36;21;30
'0022200828';1610612750;33;44;40;26
'0022200165';1610612761;29;28;29;30
'0022200165';1610612745;37;17;28;27
'0022200808';1610612765;25;28;19;27
'0022200808';1610612738;26;34;30;21
'0022201141';1610612763;30;34;41;27
'0022201141';1610612746;29;41;35;36
'0022200127';1610612742;31;31;34;15
'0022200127';1610612761;29;28;24;29
'0022200433';1610612761;29;33;22;32
'0022200433';1610612751;19;33;36;31
'0022200748';1610612759;26;22;28;34
'0022200748';1610612756;33;22;32;23
'0022201173';1610612739;28;31;27;29
'0022201173';1610612754;28;33;26;18
'0022200878';1610612751;26;26;31;33
'0022200878';1610612748;25;31;24;25
'0022200817';1610612751;25;26;30;31
'0022200817';1610612756;24;33;30;29
'0022200982';1610612760;40;28;37;32
'0022200982';1610612744;30;34;35;29
'0022200043';1610612746;18;23;31;23
'0022200043';1610612756;33;28;25;26
'0022200361';1610612748;25;25;23;23
'0022200361';1610612765;20;27;31;38
'0022201177';1610612765;27;25;27;26
'0022201177';1610612748;31;28;21;38
'0022200268';1610612760;21;42;34;23
'0022200268';1610612743;38;31;15;36
'0022201008';1610612737;38;23;28;36
'0022201008';1610612738;37;34;30;33
'0022200812';1610612745;24;24;40;32
'0022200812';1610612758;31;34;34;41
'0022200632';1610612765;28;22;33;27
'0022200632';1610612740;32;27;33;24
'0022201062';1610612762;24;33;0;31
'0022201062';1610612738;34;30;0;27
'0022201224';1610612742;14;45;32;26
'0022201224';1610612759;42;29;37;30
'0022200125';1610612763;41;30;33;26
'0022200125';1610612766;24;23;22;30
'0022200035';1610612743;28;27;33;34
'0022200035';1610612760;29;26;30;32
'0022200488';1610612760;23;23;31;35
'0022200488';1610612740;33;31;16;32
'0022200369';1610612749;34;34;29;29
'0022200369';1610612758;29;32;33;19
'0022200020';1610612737;19;31;30;28
'0022200020';1610612753;27;27;27;17
'0022200128';1610612740;26;35;27;26
'0022200128';1610612744;27;27;25;26
'0022200781';1610612741;31;22;32;29
'0022200781';1610612766;29;20;21;28
'0022200770';1610612755;37;19;26;23
'0022200770';1610612753;23;30;25;16
'0022200117';1610612747;23;33;26;29
'0022200117';1610612740;27;17;35;32
'0022201091';1610612762;34;22;32;27
'0022201091';1610612757;29;39;23;36
'0022200830';1610612757;34;29;0;32
'0022200830';1610612744;27;40;0;28
