game_id;team_id;period1Score;period2Score;period3Score;period4Score
22200744;1610612753;19;28;34;28
22200744;1610612741;25;35;35;33
22200746;1610612750;29;28;33;27
22200746;1610612758;21;38;22;29
22200442;1610612749;27;29;36;31
22200442;1610612762;22;25;36;14
22201016;1610612755;27;28;26;31
22201016;1610612764;19;31;19;24
22200650;1610612741;35;24;33;40
22200650;1610612744;20;42;24;32
22200831;1610612753;29;36;24;26
22200831;1610612743;26;29;29;20
22201014;1610612743;30;39;18;33
22201014;1610612751;30;31;37;24
22200072;1610612738;34;41;24;15
22200072;1610612739;33;29;33;19
22200707;1610612753;30;25;33;25
22200707;1610612738;23;31;25;19
22200514;1610612758;32;24;27;23
22200514;1610612743;20;27;32;34
22200769;1610612765;26;32;30;29
22200769;1610612764;29;24;36;30
22200861;1610612748;36;26;21;25
22200861;1610612743;27;38;24;23
22200610;1610612758;41;31;35;29
22200610;1610612753;31;21;32;27
22200593;1610612742;34;29;34;30
22200593;1610612740;15;31;35;36
22200053;1610612740;40;26;21;26
22200053;1610612742;31;33;25;22
22200501;1610612741;26;39;24;29
22200501;1610612745;36;28;35;34
22200051;1610612757;23;32;44;36
22200051;1610612743;31;30;25;24
22200699;1610612748;23;18;28;31
22200699;1610612740;32;15;25;24
22200385;1610612762;24;22;33;29
22200385;1610612750;28;33;21;36
22200420;1610612759;28;29;32;23
22200420;1610612757;39;34;24;31
22200213;1610612764;37;30;20;33
22200213;1610612760;29;25;35;32
22200754;1610612739;31;33;25;33
22200754;1610612746;15;19;23;42
22200561;1610612749;32;29;29;33
22200561;1610612764;28;21;36;28
22200536;1610612744;41;19;28;30
22200536;1610612757;25;31;40;16
22200174;1610612748;32;26;27;19
22200174;1610612766;27;23;23;31
22200642;1610612766;34;32;19;21
22200642;1610612738;31;31;33;27
22200674;1610612760;36;22;42;26
22200674;1610612754;20;24;29;33
22200596;1610612765;27;27;28;29
22200596;1610612755;35;36;29;23
22201029;1610612761;49;23;26;27
22201029;1610612743;30;26;36;18
22200582;1610612761;26;21;31;30
22200582;1610612752;30;27;24;31
22201223;1610612741;26;23;18;36
22201223;1610612765;25;21;18;17
22200290;1610612751;31;27;26;27
22200290;1610612757;24;33;23;17
22200197;1610612758;26;38;34;24
22200197;1610612744;39;23;29;24
22201074;1610612745;21;29;30;28
22201074;1610612744;26;29;29;37
22200120;1610612765;21;18;29;20
22200120;1610612739;24;33;33;22
22200533;1610612749;33;17;39;34
22200533;1610612750;34;27;22;31
22201183;1610612745;31;25;30;38
22201183;1610612743;30;29;26;18
22200737;1610612750;38;24;25;24
22200737;1610612763;31;22;24;23
22200919;1610612766;41;24;27;25
22200919;1610612765;21;25;30;30
22200949;1610612748;31;25;32;32
22200949;1610612752;37;34;25;26
22200865;1610612742;23;31;28;39
22200865;1610612750;33;32;35;24
22200210;1610612758;36;37;42;38
22200210;1610612751;30;24;28;39
22200455;1610612745;28;34;14;29
22200455;1610612759;35;25;32;32
22200820;1610612743;49;30;31;36
22200820;1610612750;19;29;27;37
22200902;1610612746;40;40;37;36
22200902;1610612758;40;36;34;43
22201094;1610612751;33;28;30;23
22201094;1610612739;31;29;25;31
22200130;1610612756;28;21;31;26
22200130;1610612757;25;34;27;22
22200867;1610612757;34;31;36;26
22200867;1610612747;19;27;33;36
22201000;1610612748;27;23;32;37
22201000;1610612739;26;33;30;26
22200437;1610612747;33;31;29;33
22200437;1610612743;32;33;23;20
22201033;1610612756;24;24;36;20
22201033;1610612749;29;28;28;31
22200142;1610612763;24;33;24;22
22200142;1610612764;25;18;31;23
22200773;1610612745;34;33;17;28
22200773;1610612760;25;33;28;20
22200799;1610612760;38;41;44;30
22200799;1610612745;19;34;28;40
22200742;1610612751;28;34;26;34
22200742;1610612752;22;27;32;34
22200416;1610612753;50;26;29;30
22200416;1610612737;22;40;32;30
22200015;1610612755;24;21;18;25
22200015;1610612749;30;17;26;17
22201153;1610612751;25;34;42;23
22201153;1610612737;33;22;24;28
22200584;1610612760;35;33;35;24
22200584;1610612764;17;25;38;30
22200222;1610612758;37;26;26;41
22200222;1610612759;28;28;26;30
22200044;1610612755;33;31;26;30
22200044;1610612754;23;23;30;30
22200192;1610612752;48;25;33;29
22200192;1610612760;36;43;43;23
22200389;1610612764;29;34;21;23
22200389;1610612746;28;32;26;28
22200736;1610612754;30;26;43;32
22200736;1610612749;45;40;29;27
22200743;1610612765;37;20;29;28
22200743;1610612745;27;32;24;34
22200709;1610612745;31;25;34;29
22200709;1610612750;26;30;25;33
22200342;1610612744;39;29;26;26
22200342;1610612745;23;29;28;21
22200466;1610612739;35;25;33;21
22200466;1610612749;20;22;35;29
22200027;1610612757;25;22;28;27
22200027;1610612756;28;25;26;23
22200467;1610612755;37;26;29;21
22200467;1610612765;29;22;27;15
22200411;1610612745;27;27;30;27
22200411;1610612756;20;15;32;30
22200873;1610612766;32;28;33;27
22200873;1610612759;32;25;29;24
22201058;1610612761;32;34;28;28
22201058;1610612750;26;32;27;22
22200444;1610612756;27;19;38;34
22200444;1610612740;34;29;26;25
22200267;1610612749;33;29;21;30
22200267;1610612741;32;29;29;28
22200364;1610612751;38;35;23;26
22200364;1610612766;28;27;32;29
22201129;1610612746;27;35;37;25
22201129;1610612741;32;23;22;35
22200003;1610612765;17;40;34;22
22200003;1610612753;28;27;28;26
22200237;1610612755;23;28;33;25
22200237;1610612750;33;30;34;15
22201158;1610612744;23;31;33;43
22201158;1610612759;26;25;37;27
22200264;1610612738;34;36;31;24
22200264;1610612742;23;26;36;27
22200386;1610612742;33;15;36;21
22200386;1610612749;32;20;21;33
22200238;1610612757;23;28;28;34
22200238;1610612762;20;38;29;31
22200173;1610612737;29;17;34;24
22200173;1610612755;20;22;24;29
22200526;1610612761;20;23;32;31
22200526;1610612763;30;27;36;26
22200566;1610612753;31;39;25;31
22200566;1610612760;28;25;35;27
22201220;1610612752;45;26;36;29
22201220;1610612754;41;32;27;41
22200104;1610612748;33;25;28;30
22200104;1610612744;24;32;38;15
22201193;1610612749;28;21;30;26
22201193;1610612741;21;30;25;16
22200813;1610612762;37;25;23;26
22200813;1610612742;25;35;29;35
22200320;1610612743;44;30;22;24
22200320;1610612745;24;23;25;28
22200543;1610612763;31;22;30;33
22200543;1610612740;25;25;29;22
22200888;1610612753;28;19;33;28
22200888;1610612765;26;20;33;27
22200377;1610612766;20;29;22;31
22200377;1610612752;22;33;34;32
22201132;1610612761;24;29;31;22
22201132;1610612748;23;24;20;25
22200511;1610612760;38;32;25;35
22200511;1610612759;33;27;33;21
22201069;1610612757;30;25;28;19
22201069;1610612746;36;23;34;24
22200591;1610612759;30;27;32;27
22200591;1610612738;33;35;25;28
22200070;1610612765;29;38;27;18
22200070;1610612737;35;34;37;30
22200014;1610612758;23;32;29;24
22200014;1610612757;32;19;33;31
22200580;1610612754;26;28;27;27
22200580;1610612757;29;26;27;17
22200363;1610612753;14;26;31;28
22200363;1610612746;32;17;29;21
22200708;1610612741;17;40;21;33
22200708;1610612737;21;27;30;22
22201053;1610612757;24;24;22;42
22201053;1610612738;32;31;26;37
22200414;1610612766;33;36;28;30
22200414;1610612765;35;38;34;20
22200842;1610612740;28;28;26;25
22200842;1610612739;38;35;28;17
22200664;1610612747;37;36;29;38
22200664;1610612745;35;26;37;34
22200727;1610612757;19;47;36;32
22200727;1610612762;31;33;27;33
22200401;1610612745;19;31;24;23
22200401;1610612749;25;23;31;13
22200096;1610612766;34;33;18;23
22200096;1610612758;24;28;37;26
22200116;1610612757;23;22;27;34
22200116;1610612763;30;22;26;33
22200066;1610612751;23;36;25;28
22200066;1610612742;30;31;29;22
22200856;1610612761;31;0;22;31
22200856;1610612765;29;0;23;25
22200316;1610612752;20;25;26;32
22200316;1610612749;22;25;27;35
22200349;1610612764;27;23;31;38
22200349;1610612747;33;35;37;25
22200963;1610612741;35;25;29;33
22200963;1610612754;30;37;28;30
22200987;1610612748;30;23;29;18
22200987;1610612739;26;31;30;17
22201022;1610612748;33;23;34;29
22201022;1610612762;26;31;33;25
22200240;1610612756;28;27;35;26
22200240;1610612752;22;31;22;20
22200029;1610612754;25;27;36;36
22200029;1610612765;35;21;23;36
22200298;1610612749;41;32;31;20
22200298;1610612742;33;29;34;19
22200032;1610612741;25;29;25;17
22200032;1610612739;34;36;23;35
22200705;1610612757;26;45;20;21
22200705;1610612747;33;13;40;35
22200291;1610612750;27;29;33;25
22200291;1610612744;47;29;33;28
22200766;1610612741;32;26;26;19
22200766;1610612746;20;34;31;23
22201034;1610612757;33;22;26;26
22201034;1610612752;20;29;42;32
22200252;1610612750;30;17;37;21
22200252;1610612748;33;27;19;22
22201007;1610612753;34;24;23;27
22201007;1610612748;24;31;23;30
22200918;1610612743;35;31;31;23
22200918;1610612746;22;36;30;32
22200459;1610612756;38;30;31;31
22200459;1610612747;24;20;33;27
22201162;1610612740;21;34;36;31
22201162;1610612746;31;25;34;24
22200171;1610612758;34;35;28;30
22200171;1610612739;29;29;35;27
22200951;1610612760;34;33;30;33
22200951;1610612762;29;23;32;19
22201028;1610612764;38;23;33;23
22201028;1610612765;20;25;27;25
22200106;1610612756;24;30;30;32
22200106;1610612750;20;27;26;34
22200657;1610612749;32;33;28;39
22200657;1610612754;38;38;22;21
22200590;1610612747;37;33;28;32
22200590;1610612737;28;21;33;32
22200755;1610612749;37;25;44;29
22200755;1610612740;19;25;44;22
22200909;1610612762;24;31;30;33
22200909;1610612759;33;32;14;23
22200153;1610612750;29;23;28;27
22200153;1610612752;38;38;27;17
22200849;1610612764;37;43;24;23
22200849;1610612754;29;28;31;25
22201184;1610612763;41;25;30;23
22201184;1610612757;25;37;33;14
22201121;1610612744;29;26;18;23
22201121;1610612750;29;24;24;22
22200323;1610612758;33;29;44;31
22200323;1610612754;20;28;35;31
22200759;1610612760;20;28;37;35
22200759;1610612744;38;25;31;34
22200784;1610612749;15;34;29;28
22200784;1610612746;24;32;31;18
22200136;1610612749;34;33;26;15
22200136;1610612760;34;19;25;16
22201047;1610612766;29;25;13;15
22201047;1610612755;31;35;26;29
22200518;1610612748;33;28;34;17
22200518;1610612747;25;27;26;20
22200967;1610612745;38;35;35;34
22200967;1610612759;24;39;24;23
22200686;1610612742;31;29;32;23
22200686;1610612748;19;32;16;23
22200957;1610612739;24;30;42;18
22200957;1610612765;21;24;22;23
22200667;1610612743;34;39;28;21
22200667;1610612757;31;36;22;24
22200834;1610612747;31;27;23;25
22200834;1610612749;26;24;38;27
22200253;1610612740;35;30;32;31
22200253;1610612744;16;25;24;18
22200864;1610612760;25;26;22;27
22200864;1610612740;33;27;16;27
22201156;1610612763;21;34;31;22
22201156;1610612746;34;17;21;22
22200875;1610612755;38;25;24;31
22200875;1610612739;24;14;32;42
22200259;1610612756;26;27;33;29
22200259;1610612747;22;33;24;26
22200933;1610612766;22;19;32;18
22200933;1610612756;27;30;22;26
22200846;1610612751;28;32;22;16
22200846;1610612755;26;26;24;25
22200282;1610612759;21;20;34;19
22200282;1610612747;33;26;20;26
22200251;1610612749;30;33;30;26
22200251;1610612757;32;29;18;32
22201116;1610612738;30;38;28;41
22201116;1610612759;32;26;19;16
22200441;1610612745;27;24;14;30
22200441;1610612757;33;24;28;22
22200589;1610612756;23;23;27;23
22200589;1610612748;30;21;27;26
22200880;1610612760;38;38;40;17
22200880;1610612745;21;33;24;18
22200294;1610612738;35;37;41;17
22200294;1610612764;26;29;33;33
22200434;1610612741;32;21;22;16
22200434;1610612752;29;29;29;27
22200357;1610612763;27;31;24;19
22200357;1610612748;32;19;26;16
22200841;1610612763;31;38;34;25
22200841;1610612750;32;26;28;21
22200612;1610612755;27;38;42;40
22200612;1610612765;20;23;32;41
22201018;1610612759;19;28;24;19
22201018;1610612760;29;23;26;24
22200336;1610612744;35;28;33;23
22200336;1610612741;33;19;30;29
22200721;1610612755;41;34;32;30
22200721;1610612751;41;24;33;35
22200778;1610612754;35;32;29;15
22200778;1610612747;30;24;30;28
22201152;1610612738;27;30;36;29
22201152;1610612762;29;22;27;36
22200474;1610612760;22;27;29;23
22200474;1610612757;32;22;24;20
22201198;1610612755;31;15;32;23
22201198;1610612748;41;26;29;33
22200639;1610612746;34;24;23;22
22200639;1610612743;32;25;29;29
22201222;1610612764;39;28;18;24
22201222;1610612745;31;24;32;27
22200931;1610612744;27;21;39;36
22200931;1610612757;41;24;17;23
22200293;1610612737;31;29;21;17
22200293;1610612748;23;28;34;21
22201168;1610612752;34;19;33;32
22201168;1610612764;31;30;18;30
22200073;1610612761;26;22;22;20
22200073;1610612755;28;37;16;31
22200495;1610612738;36;26;38;39
22200495;1610612749;28;33;25;32
22200180;1610612759;31;23;29;28
22200180;1610612749;27;19;30;17
22200037;1610612747;24;24;35;21
22200037;1610612757;32;23;23;28
22200191;1610612740;34;29;23;33
22200191;1610612745;26;24;37;19
22200936;1610612748;38;15;24;19
22200936;1610612755;34;37;25;23
22200168;1610612760;27;28;32;32
22200168;1610612749;27;28;29;35
22200850;1610612737;32;29;32;32
22200850;1610612759;31;29;17;29
22200599;1610612748;30;34;18;19
22200599;1610612751;31;35;13;23
22200382;1610612755;31;30;32;27
22200382;1610612747;20;39;24;37
22200719;1610612747;30;24;28;33
22200719;1610612746;37;40;21;35
22200394;1610612757;32;33;29;30
22200394;1610612750;27;39;26;26
22200603;1610612756;26;28;25;19
22200603;1610612739;35;22;23;32
22201181;1610612755;28;25;19;31
22201181;1610612738;22;24;21;34
22200313;1610612753;27;23;26;32
22200313;1610612737;38;32;30;25
22200193;1610612739;20;30;34;40
22200193;1610612750;40;27;37;25
22200018;1610612754;26;29;30;49
22200018;1610612759;36;34;32;35
22200147;1610612754;32;26;42;29
22200147;1610612740;30;25;36;31
22200410;1610612749;38;26;31;33
22200410;1610612744;27;25;25;34
22200852;1610612739;26;14;29;28
22200852;1610612741;29;20;25;15
22200519;1610612741;28;29;22;27
22200519;1610612749;32;23;27;24
22200285;1610612746;26;26;25;27
22200285;1610612743;31;33;23;27
22200036;1610612758;26;29;25;29
22200036;1610612746;29;23;34;25
22200570;1610612741;40;29;19;33
22200570;1610612751;33;26;26;27
22200082;1610612766;34;28;18;27
22200082;1610612744;23;27;33;24
22200221;1610612757;28;33;21;25
22200221;1610612751;28;29;28;24
22200710;1610612762;21;37;31;31
22200710;1610612766;24;21;34;23
22201217;1610612751;21;32;39;13
22201217;1610612755;36;25;39;34
22200631;1610612757;32;26;33;22
22200631;1610612739;27;24;36;32
22200402;1610612754;19;23;22;18
22200402;1610612748;26;21;20;20
22200485;1610612752;22;38;32;25
22200485;1610612741;29;29;31;29
22200346;1610612751;27;23;19;23
22200346;1610612738;35;27;13;28
22200112;1610612745;24;29;26;22
22200112;1610612746;34;22;30;23
22200659;1610612752;25;34;28;23
22200659;1610612761;29;27;25;29
22200019;1610612764;26;30;21;25
22200019;1610612741;30;20;24;26
22201078;1610612737;38;28;33;30
22201078;1610612765;32;27;19;29
22200256;1610612755;33;30;22;30
22200256;1610612751;26;31;25;24
22201104;1610612757;26;19;27;24
22201104;1610612741;26;35;33;30
22200177;1610612753;30;28;29;27
22200177;1610612756;23;29;22;23
22200583;1610612749;28;32;27;22
22200583;1610612766;51;33;28;26
22201143;1610612759;33;29;26;29
22201143;1610612762;36;28;29;35
22200249;1610612754;27;27;32;37
22200249;1610612753;28;17;22;35
22200335;1610612762;35;40;26;38
22200335;1610612754;24;35;22;38
22200597;1610612761;34;24;31;28
22200597;1610612757;27;26;21;31
22200347;1610612765;26;31;26;29
22200347;1610612763;40;29;32;21
22200977;1610612765;18;33;23;30
22200977;1610612757;31;28;30;21
22200122;1610612755;22;31;30;21
22200122;1610612752;21;37;16;32
22200206;1610612740;32;27;30;24
22200206;1610612763;35;25;27;15
22201131;1610612737;24;35;35;26
22201131;1610612739;24;27;33;34
22201139;1610612755;28;29;32;27
22201139;1610612742;37;25;29;17
22200795;1610612752;28;28;25;34
22200795;1610612746;36;27;33;19
22201195;1610612742;28;32;32;31
22201195;1610612758;27;44;21;27
22200701;1610612742;20;34;25;19
22200701;1610612746;22;27;30;33
22200004;1610612754;25;27;25;30
22200004;1610612764;36;24;27;27
22200578;1610612745;23;33;30;28
22200578;1610612762;31;33;31;36
22200704;1610612744;33;39;18;26
22200704;1610612751;28;32;26;34
22200030;1610612753;33;35;26;26
22200030;1610612738;36;32;31;27
22201166;1610612750;29;33;24;19
22201166;1610612757;31;25;26;25
22201202;1610612766;26;23;24;36
22201202;1610612745;25;30;30;27
22201101;1610612742;26;29;32;22
22201101;1610612766;37;32;26;22
22200722;1610612745;30;28;23;22
22200722;1610612764;25;18;28;37
22200227;1610612741;24;28;27;28
22200227;1610612753;37;29;21;21
22200224;1610612764;33;24;24;23
22200224;1610612748;31;38;19;16
22201178;1610612753;29;30;32;22
22201178;1610612739;23;35;35;24
22201192;1610612738;31;25;23;18
22201192;1610612761;28;16;28;21
22200378;1610612754;31;38;26;26
22200378;1610612764;33;32;24;22
22200979;1610612752;21;45;23;16
22200979;1610612766;21;29;37;25
22200960;1610612749;29;30;40;31
22200960;1610612755;29;24;32;48
22200760;1610612759;36;19;32;19
22200760;1610612764;30;33;35;29
22200074;1610612764;28;32;30;27
22200074;1610612754;36;39;26;26
22200668;1610612746;27;25;37;21
22200668;1610612755;34;29;27;30
22200702;1610612743;18;29;27;25
22200702;1610612760;27;25;29;20
22201064;1610612760;25;32;33;34
22201064;1610612756;31;38;27;24
22200306;1610612762;27;33;20;27
22200306;1610612741;27;26;33;28
22200876;1610612737;21;23;32;25
22200876;1610612752;37;29;25;31
22200892;1610612762;28;18;32;28
22200892;1610612760;26;29;31;20
22200477;1610612740;37;28;29;32
22200477;1610612759;17;29;29;42
22200182;1610612744;25;23;26;32
22200182;1610612739;25;27;25;24
22201114;1610612747;26;29;23;30
22201114;1610612741;29;34;28;27
22200728;1610612758;23;27;17;28
22200728;1610612761;24;34;26;29
22201209;1610612740;27;33;23;30
22201209;1610612752;30;30;23;22
22200903;1610612765;22;22;26;21
22200903;1610612761;22;22;27;24
22200665;1610612749;44;23;38;25
22200665;1610612761;34;40;23;25
22201068;1610612749;33;25;31;29
22201068;1610612761;29;27;39;16
22201212;1610612747;30;31;35;25
22201212;1610612756;34;28;27;18
22200396;1610612765;26;23;41;27
22200396;1610612747;32;29;30;33
22200144;1610612766;18;30;24;28
22200144;1610612764;26;20;30;32
22200525;1610612738;27;33;24;32
22200525;1610612746;26;23;36;25
22200978;1610612753;26;34;32;31
22200978;1610612749;36;34;32;32
22200071;1610612753;22;29;31;31
22200071;1610612766;19;11;23;40
22200245;1610612745;28;37;29;26
22200245;1610612744;40;21;36;30
22200793;1610612751;25;30;37;33
22200793;1610612764;44;29;26;24
22200388;1610612754;38;38;24;33
22200388;1610612751;40;29;26;41
22200815;1610612757;22;26;23;37
22200815;1610612749;30;28;37;32
22200001;1610612738;24;39;35;28
22200001;1610612755;29;34;25;29
22200771;1610612763;32;25;33;22
22200771;1610612757;26;26;32;38
22200409;1610612755;39;41;21;22
22200409;1610612758;32;23;28;20
22200170;1610612746;38;16;33;27
22200170;1610612747;21;31;23;26
22200858;1610612739;34;31;26;26
22200858;1610612759;19;30;32;28
22200950;1610612741;29;35;21;0
22200950;1610612756;40;20;34;0
22200564;1610612766;26;21;26;34
22200564;1610612763;40;36;26;29
22200663;1610612763;29;39;39;29
22200663;1610612756;36;29;23;18
22200172;1610612764;28;30;29;26
22200172;1610612742;34;27;22;22
22200137;1610612750;40;28;35;26
22200137;1610612745;34;15;34;34
22201027;1610612766;27;21;28;28
22201027;1610612739;30;33;35;22
22200341;1610612750;29;28;44;27
22200341;1610612760;32;31;34;38
22201197;1610612753;42;15;16;21
22201197;1610612739;33;34;28;23
22200034;1610612742;39;25;35;38
22200034;1610612763;17;19;35;25
22200515;1610612765;27;39;26;29
22200515;1610612753;23;24;30;24
22200574;1610612747;32;20;27;33
22200574;1610612748;23;25;30;31
22200577;1610612742;20;26;19;30
22200577;1610612738;29;35;25;35
22201187;1610612744;36;33;33;34
22201187;1610612760;39;40;27;19
22200555;1610612751;37;37;34;31
22200555;1610612759;25;22;32;24
22200803;1610612754;25;21;38;19
22200803;1610612739;27;35;36;24
22200472;1610612745;31;33;23;23
22200472;1610612753;25;29;31;31
22200278;1610612745;38;31;25;34
22200278;1610612737;33;39;32;18
22200288;1610612759;34;34;29;41
22200288;1610612747;33;37;36;37
22200970;1610612746;30;37;30;38
22200970;1610612763;28;33;51;17
22200300;1610612764;38;39;32;33
22200300;1610612750;33;25;39;30
22200616;1610612757;20;30;23;33
22200616;1610612753;33;17;32;27
22200745;1610612737;28;25;28;32
22200745;1610612746;22;36;26;36
22200810;1610612751;27;26;35;28
22200810;1610612746;29;26;36;33
22200901;1610612744;26;40;20;30
22200901;1610612745;26;23;28;24
22200693;1610612764;37;33;30;38
22200693;1610612753;26;31;34;27
22200025;1610612750;41;23;23;33
22200025;1610612762;26;29;33;32
22201070;1610612747;28;31;25;27
22201070;1610612753;25;24;32;24
22201080;1610612740;27;37;27;28
22201080;1610612759;16;23;26;19
22200358;1610612742;33;34;29;34
22200358;1610612756;15;26;34;36
22200712;1610612758;47;19;34;33
22200712;1610612763;33;28;29;10
22201140;1610612741;20;31;25;34
22201140;1610612747;31;28;26;36
22200272;1610612766;29;23;39;19
22200272;1610612750;34;28;21;25
22200404;1610612763;35;27;40;26
22200404;1610612737;29;22;25;27
22201161;1610612748;44;32;26;27
22201161;1610612742;31;33;32;26
22200750;1610612762;34;32;18;24
22200750;1610612742;23;25;28;24
22200281;1610612760;32;27;28;23
22200281;1610612741;30;29;21;30
22200403;1610612764;25;30;28;17
22200403;1610612751;29;33;32;18
22201086;1610612742;33;30;30;32
22201086;1610612744;30;35;31;31
22201107;1610612737;39;33;33;38
22201107;1610612754;35;39;24;32
22200651;1610612751;24;26;30;22
22200651;1610612760;28;20;27;37
22200492;1610612747;31;36;20;43
22200492;1610612766;27;40;30;37
22200239;1610612746;40;24;27;28
22200239;1610612759;22;26;21;28
22200512;1610612742;28;27;27;33
22200512;1610612752;30;33;29;23
22200611;1610612748;31;32;26;23
22200611;1610612760;26;30;32;23
22200984;1610612747;23;33;26;30
22200984;1610612763;21;36;23;23
22200317;1610612750;27;17;31;34
22200317;1610612763;26;22;24;29
22201126;1610612743;25;36;30;25
22201126;1610612755;18;39;20;34
22200318;1610612740;40;34;28;24
22200318;1610612761;29;18;31;30
22200198;1610612747;26;29;25;36
22200198;1610612751;22;24;31;26
22200556;1610612745;26;29;32;19
22200556;1610612742;18;26;39;28
22200565;1610612739;15;18;0;26
22200565;1610612756;14;29;0;21
22200552;1610612739;27;20;44;39
22200552;1610612741;34;31;31;34
22201100;1610612763;42;41;36;32
22201100;1610612745;30;22;32;30
22201137;1610612751;30;24;32;37
22201137;1610612745;25;30;32;27
22200113;1610612749;31;25;29;31
22200113;1610612765;26;21;21;23
22200405;1610612742;23;43;31;24
22200405;1610612760;28;24;38;24
22201054;1610612747;33;21;26;30
22201054;1610612742;29;33;27;22
22200826;1610612761;34;23;31;24
22200826;1610612759;24;30;21;23
22201190;1610612754;29;38;31;31
22201190;1610612752;38;32;35;33
22200049;1610612763;39;25;45;25
22200049;1610612751;34;35;28;27
22200528;1610612742;36;29;34;30
22200528;1610612745;30;21;28;35
22201230;1610612757;27;26;20;28
22201230;1610612744;55;29;34;39
22200868;1610612761;35;30;29;29
22200868;1610612753;27;43;19;24
22201009;1610612745;32;23;40;16
22201009;1610612741;22;32;33;32
22200845;1610612746;27;24;25;30
22200845;1610612749;22;32;27;38
22200889;1610612755;22;25;28;35
22200889;1610612763;37;22;22;24
22200013;1610612756;24;21;31;31
22200013;1610612742;32;30;19;24
22200489;1610612743;32;26;35;27
22200489;1610612757;27;37;16;27
22200738;1610612748;26;24;23;37
22200738;1610612753;31;28;20;26
22200872;1610612757;27;25;22;27
22200872;1610612764;31;28;38;29
22200241;1610612764;35;24;18;29
22200241;1610612766;27;28;24;23
22200925;1610612761;24;20;26;34
22200925;1610612741;23;23;26;26
22200314;1610612738;38;30;34;32
22200314;1610612748;35;25;36;25
22200350;1610612758;29;33;20;28
22200350;1610612741;27;20;31;23
22200123;1610612764;28;29;13;16
22200123;1610612751;38;31;27;32
22200559;1610612757;22;39;41;33
22200559;1610612765;27;25;30;24
22200218;1610612742;28;23;23;18
22200218;1610612745;31;26;19;25
22200614;1610612762;31;24;33;28
22200614;1610612739;24;31;29;30
22200232;1610612762;42;32;33;27
22200232;1610612756;35;31;39;28
22200139;1610612756;35;26;23;18
22200139;1610612757;26;14;21;21
22200653;1610612743;31;38;25;25
22200653;1610612753;25;29;34;28
22200328;1610612738;27;35;25;23
22200328;1610612748;27;32;22;29
22200976;1610612758;29;30;38;26
22200976;1610612740;32;27;20;29
22200733;1610612745;25;23;26;21
22200733;1610612739;37;37;23;16
22200065;1610612757;31;25;25;17
22200065;1610612748;28;33;33;25
22201003;1610612747;31;39;15;37
22201003;1610612761;35;27;28;22
22201066;1610612765;29;18;34;19
22201066;1610612748;26;26;22;38
22200973;1610612764;28;20;32;31
22200973;1610612749;34;25;24;34
22200634;1610612764;21;32;23;32
22200634;1610612752;19;31;30;32
22200275;1610612738;36;28;30;28
22200275;1610612758;22;40;22;20
22200972;1610612754;39;40;35;29
22200972;1610612755;38;40;36;33
22200711;1610612757;40;34;45;28
22200711;1610612759;38;36;27;26
22201087;1610612741;23;25;28;15
22201087;1610612755;36;40;20;20
22200516;1610612764;36;28;29;34
22200516;1610612756;21;34;29;18
22201122;1610612765;27;24;39;27
22201122;1610612749;31;26;37;32
22200063;1610612762;22;39;28;20
22200063;1610612745;21;28;26;26
22200248;1610612739;38;26;21;29
22200248;1610612737;26;33;23;20
22200244;1610612739;28;31;36;18
22200244;1610612748;27;15;22;23
22200484;1610612739;31;22;25;29
22200484;1610612761;39;30;29;20
22201059;1610612764;33;27;32;26
22201059;1610612758;37;34;33;28
22200724;1610612740;34;18;21;29
22200724;1610612750;26;20;39;26
22201142;1610612760;26;28;30;23
22201142;1610612765;26;30;24;26
22201026;1610612758;32;30;25;37
22201026;1610612749;27;26;37;43
22200360;1610612739;27;30;28;31
22200360;1610612747;26;23;34;19
22200672;1610612763;31;37;21;26
22200672;1610612739;30;31;30;23
22201219;1610612748;23;29;32;39
22201219;1610612753;24;26;35;25
22200943;1610612742;38;33;39;23
22200943;1610612755;37;30;24;35
22200877;1610612738;31;35;31;30
22200877;1610612765;26;25;38;20
22200751;1610612757;14;30;39;22
22200751;1610612761;37;26;25;35
22201017;1610612740;42;32;35;18
22201017;1610612757;25;29;19;37
22200078;1610612743;35;28;26;28
22200078;1610612762;25;25;28;23
22200904;1610612766;29;25;28;26
22200904;1610612748;16;35;21;31
22200075;1610612749;26;33;37;23
22200075;1610612752;24;29;32;23
22200908;1610612755;30;26;22;29
22200908;1610612738;28;22;30;30
22200871;1610612746;31;30;44;29
22200871;1610612744;23;42;28;31
22200131;1610612747;34;28;33;21
22200131;1610612762;40;35;25;30
22200080;1610612757;32;37;27;29
22200080;1610612745;23;35;24;29
22201204;1610612764;26;27;36;25
22201204;1610612748;23;28;20;37
22200287;1610612745;23;42;30;23
22200287;1610612760;22;22;29;32
22200836;1610612754;24;23;30;27
22200836;1610612756;30;30;35;22
22201081;1610612758;32;22;31;24
22201081;1610612738;30;30;40;32
22200334;1610612756;36;28;32;25
22200334;1610612745;27;30;29;36
22200588;1610612743;26;36;32;27
22200588;1610612739;28;30;24;26
22200887;1610612754;31;27;39;28
22200887;1610612738;34;34;32;25
22201180;1610612751;24;30;24;24
22201180;1610612750;31;20;26;30
22200954;1610612758;35;33;33;0
22200954;1610612746;32;31;33;0
22200235;1610612737;29;26;27;29
22200235;1610612761;31;31;27;22
22200473;1610612750;31;21;22;25
22200473;1610612742;29;22;24;29
22200115;1610612742;23;24;27;29
22200115;1610612762;35;15;28;22
22200649;1610612746;31;31;29;30
22200649;1610612745;30;33;27;10
22200060;1610612749;25;18;35;32
22200060;1610612751;20;35;21;23
22200185;1610612764;28;33;31;29
22200185;1610612762;30;25;29;28
22200152;1610612763;34;20;31;21
22200152;1610612738;28;37;19;25
22200991;1610612746;17;32;34;25
22200991;1610612761;25;24;25;26
22200829;1610612746;25;27;26;26
22200829;1610612742;41;19;21;29
22200203;1610612745;23;23;32;28
22200203;1610612746;31;27;31;33
22200860;1610612755;32;23;35;33
22200860;1610612745;29;19;30;26
22200098;1610612751;33;28;31;24
22200098;1610612754;18;36;31;24
22200800;1610612744;40;33;29;17
22200800;1610612742;23;35;28;27
22200183;1610612747;23;37;28;26
22200183;1610612758;23;33;31;33
22200725;1610612760;43;34;27;28
22200725;1610612737;39;38;32;28
22200897;1610612749;42;31;22;33
22200897;1610612748;32;24;18;25
22200855;1610612738;26;35;21;37
22200855;1610612763;28;20;33;28
22201150;1610612755;31;46;22;18
22201150;1610612761;30;27;29;24
22200061;1610612741;38;38;27;21
22200061;1610612754;27;30;36;16
22200091;1610612765;29;34;37;28
22200091;1610612744;37;18;36;23
22200883;1610612741;24;25;24;27
22200883;1610612749;34;27;24;27
22200851;1610612752;33;29;25;39
22200851;1610612762;28;28;28;36
22200497;1610612743;28;23;30;32
22200497;1610612756;24;33;27;29
22201105;1610612758;24;32;45;34
22201105;1610612756;30;37;26;34
22200230;1610612742;29;44;32;22
22200230;1610612743;27;28;28;16
22200940;1610612760;30;30;24;33
22200940;1610612747;31;26;33;33
22200731;1610612751;27;32;31;32
22200731;1610612765;30;28;43;29
22200805;1610612763;31;31;24;17
22200805;1610612761;28;31;19;28
22200714;1610612748;32;18;25;23
22200714;1610612738;30;28;24;13
22200687;1610612759;36;36;23;31
22200687;1610612746;41;24;33;33
22200646;1610612762;24;32;29;32
22200646;1610612755;41;25;22;30
22201025;1610612744;43;32;23;25
22201025;1610612756;21;37;30;24
22200692;1610612761;27;30;28;19
22200692;1610612738;26;24;31;25
22200450;1610612743;20;35;39;25
22200450;1610612766;25;27;28;35
22200483;1610612751;36;24;25;33
22200483;1610612749;29;18;28;25
22200399;1610612755;20;41;35;35
22200399;1610612766;21;33;33;26
22200390;1610612739;28;31;23;28
22200390;1610612760;22;24;26;30
22200522;1610612758;24;38;32;33
22200522;1610612743;40;35;30;21
22200794;1610612765;27;22;27;24
22200794;1610612756;30;28;30;28
22200997;1610612758;30;39;22;31
22200997;1610612752;23;30;31;33
22200392;1610612744;33;35;27;28
22200392;1610612738;25;38;20;24
22200609;1610612743;29;33;32;28
22200609;1610612747;23;25;31;30
22200295;1610612765;26;30;22;16
22200295;1610612739;20;31;22;29
22201117;1610612739;33;27;25;23
22201117;1610612745;22;21;37;11
22200538;1610612754;32;30;31;38
22200538;1610612746;22;33;38;37
22200557;1610612750;23;36;31;34
22200557;1610612743;23;30;32;26
22200676;1610612743;30;25;33;34
22200676;1610612750;27;33;35;23
22200757;1610612751;29;29;27;36
22200757;1610612747;16;30;36;22
22200602;1610612760;33;36;27;24
22200602;1610612742;34;21;28;26
22201004;1610612746;20;27;29;30
22201004;1610612752;19;30;25;21
22200375;1610612759;24;27;39;28
22200375;1610612745;29;25;23;32
22200964;1610612747;33;22;23;35
22200964;1610612744;18;36;18;33
22200783;1610612743;34;36;35;29
22200783;1610612744;35;34;22;26
22200093;1610612742;29;31;28;26
22200093;1610612753;34;26;23;22
22200161;1610612753;24;26;23;21
22200161;1610612742;28;26;20;13
22200010;1610612750;35;30;22;28
22200010;1610612760;22;30;35;21
22200531;1610612761;33;20;33;27
22200531;1610612756;24;27;28;25
22200694;1610612737;31;34;28;25
22200694;1610612766;25;24;36;37
22200417;1610612761;31;31;32;29
22200417;1610612758;23;36;29;36
22200407;1610612757;33;37;36;27
22200407;1610612750;27;32;25;28
22200283;1610612756;23;30;31;24
22200283;1610612765;22;32;25;23
22200527;1610612759;38;26;28;30
22200527;1610612752;29;24;26;36
22200366;1610612761;39;31;27;29
22200366;1610612747;31;16;28;38
22200231;1610612740;25;32;21;31
22200231;1610612738;40;27;22;28
22200685;1610612739;28;31;27;28
22200685;1610612744;33;31;34;22
22200532;1610612741;33;27;35;37
22200532;1610612765;25;33;34;26
22200655;1610612747;32;26;25;29
22200655;1610612755;33;24;29;27
22201023;1610612742;25;25;21;17
22201023;1610612763;29;20;36;19
22200456;1610612750;21;36;37;22
22200456;1610612742;30;14;30;32
22200547;1610612763;27;32;32;27
22200547;1610612758;26;32;29;21
22200545;1610612760;20;23;29;24
22200545;1610612755;38;31;20;26
22200362;1610612743;29;29;28;29
22200362;1610612742;36;28;27;25
22200478;1610612762;30;30;33;27
22200478;1610612764;27;39;24;22
22200303;1610612761;26;26;28;20
22200303;1610612739;24;19;24;21
22200008;1610612761;28;23;25;32
22200008;1610612739;22;35;27;21
22200056;1610612739;30;24;19;30
22200056;1610612753;24;26;19;23
22200956;1610612764;30;23;26;26
22200956;1610612761;26;27;33;19
22201174;1610612749;41;28;27;21
22201174;1610612755;26;27;29;22
22200673;1610612740;23;28;25;22
22200673;1610612748;36;34;28;26
22200747;1610612740;30;20;24;29
22200747;1610612764;32;27;29;25
22200367;1610612741;29;23;28;35
22200367;1610612764;22;27;32;30
22200195;1610612755;26;25;27;27
22200195;1610612762;30;27;21;20
22200058;1610612752;32;37;29;24
22200058;1610612766;30;32;28;32
22201225;1610612750;18;29;36;30
22201225;1610612740;30;25;30;23
22201227;1610612743;26;33;24;26
22201227;1610612758;43;24;14;14
22200181;1610612763;33;39;24;18
22200181;1610612750;30;33;21;19
22200818;1610612740;33;29;29;25
22200818;1610612737;35;24;22;26
22200975;1610612743;29;29;25;35
22200975;1610612761;34;27;27;25
22200985;1610612764;28;33;33;26
22200985;1610612737;34;24;32;32
22200215;1610612761;27;27;30;28
22200215;1610612748;31;29;19;25
22201203;1610612754;27;30;30;28
22201203;1610612765;35;38;23;26
22200749;1610612738;28;20;33;24
22200749;1610612747;27;27;27;24
22200587;1610612750;37;31;32;28
22200587;1610612746;33;21;25;36
22200621;1610612738;35;29;33;28
22200621;1610612740;32;26;27;29
22200220;1610612756;36;36;31;27
22200220;1610612744;33;32;24;30
22200419;1610612760;31;21;32;24
22200419;1610612748;31;33;22;24
22200200;1610612753;23;22;24;36
22200200;1610612766;31;27;26;28
22200302;1610612751;23;29;35;22
22200302;1610612753;28;23;25;26
22200576;1610612753;20;23;35;37
22200576;1610612763;22;43;27;31
22200594;1610612744;29;30;23;19
22200594;1610612753;28;34;30;23
22200458;1610612760;28;33;33;29
22200458;1610612757;28;30;36;27
22200912;1610612741;25;22;27;28
22200912;1610612764;27;18;22;15
22200974;1610612748;30;33;29;38
22200974;1610612737;43;25;28;32
22200809;1610612764;25;21;26;19
22200809;1610612739;37;29;30;18
22201124;1610612752;36;30;36;35
22201124;1610612745;33;28;29;25
22200052;1610612764;28;28;29;35
22200052;1610612765;25;24;26;24
22201095;1610612740;37;25;26;27
22201095;1610612766;24;33;24;15
22201128;1610612758;25;33;27;30
22201128;1610612750;34;23;29;33
22200635;1610612759;28;32;29;24
22200635;1610612744;33;41;40;30
22200499;1610612765;36;25;39;28
22200499;1610612746;31;35;30;32
22201103;1610612744;23;32;24;41
22201103;1610612755;27;26;35;24
22201172;1610612760;27;28;34;29
22201172;1610612756;27;42;29;30
22200900;1610612741;33;30;34;34
22200900;1610612751;18;11;22;36
22200105;1610612760;33;30;22;31
22200105;1610612753;32;34;22;20
22201055;1610612752;36;26;29;25
22201055;1610612743;28;39;24;19
22200716;1610612740;24;23;27;24
22200716;1610612743;28;35;20;16
22201093;1610612753;24;29;22;36
22201093;1610612752;22;23;30;31
22200819;1610612763;26;23;23;32
22200819;1610612741;14;25;36;14
22200666;1610612759;27;24;25;30
22200666;1610612751;15;36;17;30
22200223;1610612746;15;27;26;28
22200223;1610612765;23;27;17;24
22200471;1610612752;27;26;27;26
22200471;1610612761;28;35;24;26
22200801;1610612743;35;35;27;31
22200801;1610612737;30;22;34;22
22201144;1610612756;25;23;33;26
22201144;1610612750;24;27;23;26
22200132;1610612753;33;32;12;29
22200132;1610612758;25;22;36;23
22201194;1610612740;32;20;33;39
22201194;1610612763;34;35;21;34
22200447;1610612765;35;36;25;25
22200447;1610612751;21;33;44;26
22200376;1610612757;36;28;35;21
22200376;1610612743;30;33;26;32
22200695;1610612739;23;27;36;28
22200695;1610612749;26;21;34;21
22201052;1610612759;35;34;24;16
22201052;1610612763;26;20;35;28
22201205;1610612737;31;32;27;29
22201205;1610612755;32;21;33;33
22200563;1610612762;23;28;38;26
22200563;1610612758;35;25;28;29
22200494;1610612742;21;22;51;30
22200494;1610612747;28;26;21;40
22200083;1610612751;26;36;28;26
22200083;1610612754;26;37;29;33
22200196;1610612741;20;27;29;27
22200196;1610612743;32;30;35;29
22200422;1610612743;38;34;30;39
22200422;1610612764;31;36;28;33
22200713;1610612754;21;25;34;36
22200713;1610612741;33;29;25;23
22200157;1610612762;42;34;39;24
22200157;1610612747;34;37;27;18
22200461;1610612765;24;36;25;26
22200461;1610612762;31;30;34;31
22200090;1610612739;35;27;22;37
22200090;1610612752;30;29;34;15
22200178;1610612752;30;38;26;27
22200178;1610612765;26;32;22;32
22200016;1610612747;23;33;21;20
22200016;1610612746;35;21;29;18
22200355;1610612761;25;37;18;30
22200355;1610612738;27;29;35;25
22201200;1610612762;25;27;24;22
22201200;1610612760;32;23;29;30
22200247;1610612747;34;32;29;28
22200247;1610612759;20;28;19;25
22200465;1610612743;35;20;29;21
22200465;1610612763;14;26;31;20
22200857;1610612766;36;38;35;35
22200857;1610612737;27;41;28;42
22200340;1610612761;36;28;30;27
22200340;1610612753;22;26;25;35
22200592;1610612741;28;25;31;42
22200592;1610612762;24;25;40;29
22200426;1610612762;27;31;33;32
22200426;1610612740;25;37;33;28
22201199;1610612759;32;37;29;31
22201199;1610612757;37;24;39;27
22201006;1610612765;30;0;27;33
22201006;1610612754;35;0;34;21
22200619;1610612764;25;21;41;13
22200619;1610612741;29;30;21;17
22200012;1610612762;37;38;19;29
22200012;1610612743;30;23;27;22
22200833;1610612751;19;34;26;37
22200833;1610612741;26;24;34;21
22200435;1610612760;28;22;41;19
22200435;1610612750;30;33;25;24
22200413;1610612747;24;26;32;28
22200413;1610612738;37;28;23;22
22200866;1610612744;29;42;35;29
22200866;1610612764;39;27;27;33
22201032;1610612759;38;29;31;34
22201032;1610612753;29;32;28;25
22200891;1610612742;34;40;25;43
22200891;1610612759;26;37;27;26
22200205;1610612744;33;28;38;33
22200205;1610612759;26;19;23;27
22200640;1610612758;36;33;43;27
22200640;1610612745;32;34;26;22
22201050;1610612741;28;26;26;33
22201050;1610612750;32;27;31;23
22200968;1610612760;35;35;31;28
22200968;1610612762;20;31;33;35
22201165;1610612741;25;28;40;35
22201165;1610612763;36;32;16;23
22201061;1610612763;33;38;33;29
22201061;1610612744;23;36;41;19
22200126;1610612759;18;40;28;20
22200126;1610612746;28;26;28;31
22201013;1610612756;32;27;36;24
22201013;1610612758;31;36;29;32
22200451;1610612747;30;36;21;32
22200451;1610612764;29;23;36;29
22200698;1610612758;35;39;22;31
22200698;1610612755;27;37;38;27
22201221;1610612761;35;32;28;26
22201221;1610612749;26;29;24;26
22200457;1610612740;27;34;29;29
22200457;1610612749;30;36;34;28
22200703;1610612756;32;30;25;25
22200703;1610612763;18;19;35;38
22200765;1610612752;24;29;30;31
22200765;1610612747;29;23;34;28
22200913;1610612742;28;33;20;27
22200913;1610612747;16;31;31;33
22200644;1610612761;25;32;22;24
22200644;1610612737;34;35;27;18
22200481;1610612737;32;28;35;35
22200481;1610612765;34;29;18;24
22200772;1610612738;46;33;31;29
22200772;1610612751;16;29;27;24
22200201;1610612738;32;30;27;37
22200201;1610612760;35;34;27;26
22200424;1610612745;29;23;33;23
22200424;1610612748;29;37;20;25
22200046;1610612752;34;31;31;19
22200046;1610612753;28;31;23;20
22200427;1610612746;18;19;33;25
22200427;1610612756;29;35;25;22
22201133;1610612763;32;27;28;26
22201133;1610612753;15;29;29;35
22200154;1610612759;28;34;27;20
22200154;1610612743;28;37;29;21
22200554;1610612755;33;24;27;36
22200554;1610612740;25;27;29;30
22200359;1610612744;21;29;31;23
22200359;1610612754;34;25;30;23
22200167;1610612750;25;26;31;35
22200167;1610612756;39;30;35;25
22200548;1610612749;17;33;20;25
22200548;1610612764;34;34;20;30
22200715;1610612752;34;19;27;25
22200715;1610612739;27;24;24;28
22200062;1610612750;39;29;34;32
22200062;1610612759;28;25;41;28
22200981;1610612745;32;22;24;18
22200981;1610612751;27;32;33;26
22201196;1610612746;37;34;22;32
22201196;1610612747;31;21;30;36
22200321;1610612756;32;32;42;26
22200321;1610612741;25;18;38;32
22200989;1610612743;29;23;24;20
22200989;1610612741;25;26;36;30
22200796;1610612741;34;25;33;37
22200796;1610612757;27;43;17;34
22200847;1610612766;34;26;23;22
22200847;1610612743;27;30;37;25
22200506;1610612764;32;35;27;22
22200506;1610612755;30;26;29;26
22200822;1610612739;32;19;25;37
22200822;1610612765;14;26;28;17
22200110;1610612752;32;33;10;24
22200110;1610612737;21;36;32;23
22200927;1610612763;26;20;47;28
22200927;1610612747;22;27;35;25
22201175;1610612743;26;32;31;23
22201175;1610612744;36;25;26;23
22200916;1610612744;25;34;19;31
22200916;1610612750;34;23;30;17
22200009;1610612763;25;36;24;23
22200009;1610612752;23;23;33;29
22200680;1610612750;31;35;35;27
22200680;1610612761;37;39;33;17
22200734;1610612756;32;16;21;26
22200734;1610612742;32;22;22;23
22200988;1610612740;24;35;24;30
22200988;1610612742;24;19;22;41
22200926;1610612745;30;24;30;28
22200926;1610612743;41;33;32;27
22200911;1610612737;37;27;33;32
22200911;1610612751;29;28;37;33
22200893;1610612747;31;28;36;29
22200893;1610612744;23;33;24;31
22200633;1610612754;27;31;31;22
22200633;1610612737;36;19;29;29
22200229;1610612763;33;30;29;29
22200229;1610612760;28;31;24;27
22201127;1610612757;14;21;20;35
22201127;1610612740;34;24;31;35
22200102;1610612746;30;21;22;22
22200102;1610612745;23;29;24;17
22200740;1610612744;34;29;35;31
22200740;1610612761;36;26;32;23
22200226;1610612755;24;31;34;21
22200226;1610612749;34;28;22;18
22201071;1610612766;22;36;27;30
22201071;1610612754;40;26;22;21
22201097;1610612738;34;26;32;28
22201097;1610612754;32;23;21;19
22200569;1610612761;12;26;21;38
22200569;1610612749;13;26;24;34
22200296;1610612752;26;26;31;40
22200296;1610612763;25;29;39;34
22200768;1610612743;31;26;36;29
22200768;1610612740;35;25;24;29
22200938;1610612745;19;25;24;31
22200938;1610612763;25;22;38;28
22200398;1610612753;18;29;35;29
22200398;1610612761;19;20;36;24
22200505;1610612753;27;28;28;27
22200505;1610612747;33;32;27;37
22201005;1610612766;29;20;32;30
22201005;1610612762;32;26;39;22
22200425;1610612763;33;37;47;25
22200425;1610612749;18;23;30;30
22200233;1610612744;35;26;26;24
22200233;1610612752;19;31;24;27
22200683;1610612753;23;33;32;35
22200683;1610612740;30;30;31;19
22201111;1610612758;32;23;35;31
22201111;1610612762;26;35;17;35
22200095;1610612747;26;29;38;28
22200095;1610612743;31;20;34;25
22200648;1610612765;22;33;25;24
22200648;1610612752;39;23;28;27
22200006;1610612751;14;36;28;30
22200006;1610612740;32;26;40;32
22201148;1610612766;23;23;31;14
22201148;1610612741;31;31;28;31
22200934;1610612765;36;18;32;29
22200934;1610612741;38;31;32;16
22201157;1610612750;29;36;18;28
22201157;1610612747;27;28;35;33
22200802;1610612766;37;21;27;28
22200802;1610612753;28;34;28;29
22200038;1610612737;30;25;29;25
22200038;1610612766;22;37;45;22
22200562;1610612760;34;40;48;28
22200562;1610612738;33;21;37;26
22200324;1610612747;24;42;31;31
22200324;1610612757;22;40;20;27
22200553;1610612754;29;37;25;31
22200553;1610612761;33;24;33;24
22200266;1610612761;26;25;25;22
22200266;1610612751;38;14;39;21
22200099;1610612761;34;30;31;44
22200099;1610612737;28;25;27;29
22200370;1610612750;35;28;27;31
22200370;1610612754;17;44;29;25
22201056;1610612746;30;25;27;26
22201056;1610612753;31;26;17;39
22200604;1610612746;26;26;35;21
22200604;1610612737;25;41;19;27
22200059;1610612761;35;28;26;30
22200059;1610612755;27;26;26;30
22200558;1610612744;38;32;25;26
22200558;1610612737;26;27;42;26
22200356;1610612745;27;29;34;18
22200356;1610612755;30;25;29;24
22200121;1610612754;28;34;18;21
22200121;1610612748;29;21;27;22
22200033;1610612749;41;26;31;27
22200033;1610612745;23;25;31;26
22200100;1610612749;34;26;28;22
22200100;1610612765;23;29;25;31
22200119;1610612760;29;28;38;15
22200119;1610612743;42;29;22;29
22200643;1610612754;28;24;27;33
22200643;1610612763;36;32;29;33
22200992;1610612765;23;27;33;20
22200992;1610612766;31;28;34;20
22200279;1610612763;44;24;38;26
22200279;1610612740;25;23;29;34
22201115;1610612737;27;29;0;33
22201115;1610612763;34;27;0;35
22200418;1610612741;28;27;33;29
22200418;1610612752;29;35;28;25
22200374;1610612748;20;36;28;31
22200374;1610612746;28;26;33;23
22200762;1610612756;31;31;20;32
22200762;1610612761;28;25;31;22
22201151;1610612764;32;31;33;13
22201151;1610612753;24;36;25;31
22200906;1610612752;42;31;29;26
22200906;1610612740;26;26;30;24
22200688;1610612743;37;24;38;35
22200688;1610612754;28;25;29;29
22200723;1610612749;26;32;23;26
22200723;1610612743;27;26;20;26
22200089;1610612738;34;24;29;25
22200089;1610612764;15;32;21;26
22200129;1610612750;26;28;30;18
22200129;1610612749;34;27;34;20
22201214;1610612759;35;33;23;40
22201214;1610612750;35;45;39;32
22200406;1610612759;29;36;27;20
22200406;1610612739;27;22;29;33
22201171;1610612745;21;39;23;26
22201171;1610612747;35;35;31;33
22200054;1610612760;23;26;35;24
22200054;1610612746;18;25;25;26
22200756;1610612755;30;32;28;19
22200756;1610612753;17;35;42;25
22200155;1610612742;29;24;19;24
22200155;1610612751;34;16;23;21
22200023;1610612752;30;42;31;27
22200023;1610612765;20;32;29;25
22200923;1610612737;27;29;34;26
22200923;1610612764;27;25;33;34
22200476;1610612746;37;34;26;29
22200476;1610612766;19;21;34;31
22200042;1610612744;39;50;24;17
22200042;1610612758;36;35;23;31
22200884;1610612750;36;23;28;19
22200884;1610612764;21;30;25;38
22200079;1610612756;21;36;36;31
22200079;1610612740;27;25;31;28
22200242;1610612758;38;30;34;35
22200242;1610612765;33;37;32;27
22200225;1610612739;28;30;24;23
22200225;1610612766;14;32;24;35
22201135;1610612744;25;21;39;35
22201135;1610612740;36;27;26;20
22200246;1610612742;25;31;18;23
22200246;1610612743;25;30;24;19
22200436;1610612742;31;41;38;20
22200436;1610612757;32;31;22;25
22200261;1610612739;28;29;30;27
22200261;1610612757;21;27;27;21
22200493;1610612752;37;26;33;16
22200493;1610612755;25;35;35;24
22200729;1610612747;25;28;28;32
22200729;1610612759;30;24;28;22
22200255;1610612746;34;32;22;33
22200255;1610612762;24;32;37;21
22200286;1610612761;24;30;27;24
22200286;1610612742;29;23;21;27
22200617;1610612746;31;38;19;25
22200617;1610612742;25;22;31;23
22200446;1610612754;28;25;32;21
22200446;1610612752;29;25;30;25
22201010;1610612763;27;29;21;35
22201010;1610612742;23;27;33;25
22200109;1610612748;33;20;24;33
22200109;1610612758;32;19;25;31
22200792;1610612762;22;28;28;30
22200792;1610612737;32;30;29;24
22200464;1610612756;30;18;30;32
22200464;1610612764;27;26;27;33
22200961;1610612758;30;34;38;32
22200961;1610612750;36;38;31;33
22200656;1610612766;22;33;31;32
22200656;1610612738;35;31;26;38
22200469;1610612738;22;21;42;27
22200469;1610612754;42;29;29;17
22200607;1610612752;22;29;27;29
22200607;1610612749;22;24;27;38
22200487;1610612745;24;26;34;22
22200487;1610612742;30;31;20;31
22200910;1610612749;33;20;22;29
22200910;1610612756;26;20;28;27
22200440;1610612739;27;20;20;29
22200440;1610612742;29;20;26;21
22200159;1610612766;30;23;26;16
22200159;1610612757;25;33;28;19
22200088;1610612746;25;27;15;24
22200088;1610612740;18;34;26;34
22200111;1610612741;27;34;23;22
22200111;1610612766;26;26;18;18
22201031;1610612760;24;28;38;31
22201031;1610612751;33;29;20;25
22200789;1610612745;21;27;24;39
22200789;1610612761;20;35;30;32
22200780;1610612752;28;23;26;29
22200780;1610612748;22;26;24;32
22201090;1610612750;39;28;27;31
22201090;1610612737;40;22;35;27
22200626;1610612755;35;22;28;29
22200626;1610612760;35;32;34;32
22200028;1610612755;25;26;26;28
22200028;1610612759;19;35;31;29
22201057;1610612754;24;37;34;26
22201057;1610612755;34;38;34;35
22201119;1610612761;37;26;24;27
22201119;1610612764;21;25;38;20
22200135;1610612752;29;37;30;22
22200135;1610612738;32;35;34;32
22200039;1610612739;30;27;26;20
22200039;1610612764;31;20;25;27
22201077;1610612753;26;34;27;35
22201077;1610612764;25;31;32;24
22201045;1610612749;40;24;37;22
22201045;1610612754;30;25;49;35
22200322;1610612762;35;23;36;31
22200322;1610612746;26;34;25;27
22200540;1610612741;30;25;22;25
22200540;1610612739;28;32;24;19
22200384;1610612740;26;29;40;33
22200384;1610612756;27;25;30;35
22200895;1610612764;38;26;24;21
22200895;1610612752;27;33;29;26
22200064;1610612743;26;28;32;24
22200064;1610612747;22;32;17;28
22200764;1610612739;26;26;27;18
22200764;1610612748;24;31;24;21
22200214;1610612737;18;35;25;23
22200214;1610612738;30;32;35;29
22200368;1610612763;27;30;37;29
22200368;1610612760;25;27;35;15
22201226;1610612760;20;27;38;30
22201226;1610612763;24;25;24;27
22200479;1610612753;34;27;33;39
22200479;1610612759;28;33;28;24
22200718;1610612756;36;22;40;30
22200718;1610612766;15;32;30;20
22200005;1610612737;26;33;25;33
22200005;1610612745;20;30;30;27
22200741;1610612755;29;29;38;30
22200741;1610612743;38;35;26;20
22201149;1610612754;36;29;25;31
22201149;1610612760;32;29;33;23
22200297;1610612753;32;13;26;32
22200297;1610612755;36;31;32;34
22200598;1610612754;15;32;26;43
22200598;1610612766;27;18;34;32
22200581;1610612755;30;25;29;28
22200581;1610612741;25;34;40;27
22200423;1610612746;19;19;29;32
22200423;1610612750;21;22;22;23
22201030;1610612740;24;16;35;33
22201030;1610612747;39;36;23;25
22200482;1610612738;22;32;34;33
22200482;1610612750;29;27;30;23
22200890;1610612761;23;31;38;23
22200890;1610612740;19;26;32;33
22200928;1610612760;38;28;21;30
22200928;1610612758;44;27;22;30
22200767;1610612749;34;30;33;27
22200767;1610612766;27;37;26;25
22200945;1610612744;26;19;42;0
22200945;1610612746;27;29;16;0
22200169;1610612759;32;27;35;18
22200169;1610612763;38;28;23;23
22200107;1610612739;35;15;33;24
22200107;1610612738;27;29;20;31
22200942;1610612764;24;35;30;30
22200942;1610612761;20;30;28;30
22201109;1610612743;37;26;34;32
22201109;1610612749;38;28;19;21
22200797;1610612749;34;28;32;29
22200797;1610612748;26;36;30;23
22201088;1610612763;37;38;26;29
22201088;1610612745;34;30;32;29
22200804;1610612752;24;27;25;32
22200804;1610612755;35;18;26;18
22200315;1610612751;29;28;23;33
22200315;1610612764;28;25;24;30
22200077;1610612759;36;26;32;35
22200077;1610612741;29;31;34;30
22201201;1610612756;27;29;33;30
22201201;1610612743;25;30;31;29
22200517;1610612737;30;33;17;27
22200517;1610612751;31;25;27;25
22200786;1610612754;28;32;27;20
22200786;1610612758;27;21;32;24
22200408;1610612746;29;27;32;25
22200408;1610612738;25;22;25;21
22200939;1610612749;31;45;32;31
22200939;1610612753;29;37;30;21
22201073;1610612752;32;38;38;26
22201073;1610612750;42;37;30;31
22201067;1610612745;28;16;34;29
22201067;1610612740;38;26;28;25
22200305;1610612743;42;28;36;23
22200305;1610612745;39;29;23;22
22200843;1610612757;35;33;37;24
22200843;1610612760;33;39;31;35
22200941;1610612757;31;25;35;19
22200941;1610612740;29;24;37;31
22200284;1610612744;37;22;38;32
22200284;1610612762;23;28;35;32
22200937;1610612752;47;34;29;32
22200937;1610612751;29;28;30;31
22200894;1610612758;29;37;34;33
22200894;1610612757;37;20;34;25
22200560;1610612746;28;21;34;17
22200560;1610612748;34;33;14;29
22201164;1610612751;30;23;32;26
22201164;1610612762;17;25;26;42
22200319;1610612760;32;28;28;31
22200319;1610612759;35;42;19;15
22200365;1610612752;31;22;36;24
22200365;1610612737;20;21;26;22
22200149;1610612737;25;27;37;28
22200149;1610612749;36;22;22;18
22200730;1610612738;34;26;25;25
22200730;1610612752;26;32;33;19
22200498;1610612739;22;27;30;38
22200498;1610612751;34;31;26;34
22201163;1610612766;25;27;37;19
22201163;1610612761;35;32;34;27
22200194;1610612764;23;32;27;20
22200194;1610612763;19;32;23;18
22200807;1610612740;34;36;34;32
22200807;1610612758;26;26;24;28
22200638;1610612762;36;25;27;24
22200638;1610612753;27;29;27;25
22200395;1610612740;29;28;41;19
22200395;1610612756;36;22;35;24
22200448;1610612761;26;28;26;30
22200448;1610612744;36;32;34;24
22201046;1610612756;30;33;31;22
22201046;1610612753;31;27;27;28
22201110;1610612756;26;32;31;36
22201110;1610612755;24;29;30;22
22200373;1610612756;21;21;23;33
22200373;1610612738;31;38;35;21
22200443;1610612760;25;39;27;24
22200443;1610612763;21;22;33;33
22200269;1610612759;19;28;38;25
22200269;1610612740;29;37;38;25
22200898;1610612750;32;32;25;24
22200898;1610612766;37;35;24;25
22200092;1610612759;26;31;28;22
22200092;1610612750;23;24;23;28
22200179;1610612760;29;41;36;26
22200179;1610612761;24;32;29;28
22200309;1610612765;32;24;21;33
22200309;1610612752;40;30;38;32
22200579;1610612743;32;34;36;20
22200579;1610612746;15;17;27;32
22200628;1610612748;14;31;33;30
22200628;1610612749;23;22;28;29
22200681;1610612756;35;30;29;23
22200681;1610612751;29;22;23;38
22200753;1610612763;23;27;30;0
22200753;1610612754;32;30;17;0
22200327;1610612737;28;32;30;27
22200327;1610612743;25;21;35;28
22200462;1610612748;21;36;20;26
22200462;1610612741;31;21;36;25
22200081;1610612758;32;39;19;29
22200081;1610612748;23;26;33;31
22200076;1610612750;28;24;26;33
22200076;1610612747;25;27;23;27
22200965;1610612751;36;34;16;16
22200965;1610612766;21;20;21;24
22201160;1610612756;32;28;24;16
22201160;1610612743;20;20;34;19
22201043;1610612751;24;17;30;25
22201043;1610612758;24;30;28;19
22200273;1610612753;29;27;20;23
22200273;1610612755;24;28;30;25
22200862;1610612752;32;26;35;31
22200862;1610612751;26;35;22;23
22200372;1610612762;30;36;34;24
22200372;1610612744;35;34;22;32
22200624;1610612743;34;36;30;26
22200624;1610612756;28;26;21;22
22200480;1610612755;24;27;34;34
22200480;1610612746;33;30;22;29
22200445;1610612738;23;18;30;21
22200445;1610612753;26;24;18;27
22200549;1610612743;37;25;36;25
22200549;1610612738;28;26;31;26
22201118;1610612753;24;36;32;27
22201118;1610612751;25;26;23;32
22200622;1610612752;37;25;33;24
22200622;1610612754;21;20;40;32
22200513;1610612744;37;28;24;21
22200513;1610612766;26;26;26;27
22200678;1610612765;24;32;23;29
22200678;1610612741;31;34;28;33
22200863;1610612741;21;23;24;23
22200863;1610612753;25;24;27;24
22200228;1610612745;25;25;20;21
22200228;1610612754;10;35;26;28
22200679;1610612738;25;29;28;24
22200679;1610612744;26;29;34;17
22200732;1610612766;32;15;30;34
22200732;1610612741;36;19;24;17
22200021;1610612751;28;21;29;31
22200021;1610612761;24;28;27;26
22200146;1610612765;28;20;36;28
22200146;1610612760;33;30;22;18
22200352;1610612766;26;28;36;27
22200352;1610612746;28;35;21;35
22200460;1610612758;30;33;29;27
22200460;1610612766;39;27;25;34
22200832;1610612737;36;20;37;23
22200832;1610612756;22;25;28;32
22201191;1610612737;33;34;39;28
22201191;1610612764;32;28;30;26
22200994;1610612753;28;28;41;27
22200994;1610612762;29;35;33;34
22200265;1610612748;28;32;23;30
22200265;1610612764;26;17;37;25
22200084;1610612741;22;34;31;22
22200084;1610612755;37;27;26;24
22200697;1610612756;29;30;28;25
22200697;1610612754;27;30;26;24
22200837;1610612755;28;31;33;27
22200837;1610612752;36;29;28;15
22200601;1610612745;33;29;19;15
22200601;1610612750;24;34;19;27
22200069;1610612758;28;28;27;27
22200069;1610612763;32;31;31;31
22200415;1610612754;27;47;19;32
22200415;1610612744;26;28;33;32
22200966;1610612753;27;29;32;31
22200966;1610612757;31;27;34;30
22200057;1610612765;32;29;28;24
22200057;1610612737;36;26;27;29
22200208;1610612762;27;31;27;26
22200208;1610612752;23;38;22;35
22200299;1610612755;23;28;30;23
22200299;1610612737;34;21;26;20
22200412;1610612762;29;23;39;30
22200412;1610612740;30;15;26;29
22200452;1610612739;29;33;28;32
22200452;1610612762;21;23;27;28
22200428;1610612766;24;35;33;14
22200428;1610612737;38;37;23;27
22201134;1610612760;23;45;31;35
22201134;1610612766;26;31;36;44
22201136;1610612754;30;39;38;29
22201136;1610612749;34;39;46;30
22200400;1610612737;22;36;27;25
22200400;1610612741;27;23;28;32
22201108;1610612748;36;33;18;13
22201108;1610612751;28;37;39;25
22200645;1610612750;27;22;28;33
22200645;1610612739;25;29;26;22
22200550;1610612752;23;31;25;23
22200550;1610612756;11;20;27;25
22201098;1610612764;33;33;33;37
22201098;1610612759;26;36;36;26
22200270;1610612762;25;29;36;26
22200270;1610612765;30;36;32;27
22201042;1610612765;28;36;22;14
22201042;1610612743;29;29;28;33
22200311;1610612757;30;31;34;17
22200311;1610612746;25;28;29;36
22200330;1610612739;27;27;28;25
22200330;1610612753;25;22;17;32
22200959;1610612759;32;36;22;20
22200959;1610612745;29;41;25;27
22201092;1610612747;23;36;29;34
22201092;1610612756;26;26;33;26
22200999;1610612764;29;21;25;32
22200999;1610612737;24;32;29;29
22200739;1610612760;27;20;31;34
22200739;1610612739;25;29;24;22
22200914;1610612739;34;30;28;26
22200914;1610612761;28;24;24;17
22200785;1610612765;29;40;23;26
22200785;1610612766;30;38;26;18
22200510;1610612763;22;27;31;28
22200510;1610612756;23;42;32;28
22200662;1610612750;27;31;37;30
22200662;1610612762;27;25;35;39
22200439;1610612759;28;27;29;17
22200439;1610612748;25;27;28;31
22200816;1610612753;26;22;21;29
22200816;1610612752;22;18;26;36
22200539;1610612766;22;27;30;27
22200539;1610612751;32;29;36;26
22200387;1610612748;29;28;27;27
22200387;1610612759;25;34;27;29
22200921;1610612752;27;33;28;21
22200921;1610612738;15;31;29;19
22201038;1610612745;31;31;21;31
22201038;1610612747;19;29;26;36
22200040;1610612740;24;29;31;26
22200040;1610612762;26;37;30;17
22200827;1610612745;37;25;35;31
22200827;1610612758;30;28;41;31
22200250;1610612741;28;35;32;26
22200250;1610612738;23;27;29;28
22201039;1610612750;23;20;28;31
22201039;1610612738;23;21;33;27
22200671;1610612745;31;29;24;33
22200671;1610612766;36;17;30;39
22201099;1610612761;38;34;20;26
22201099;1610612765;26;26;21;24
22201035;1610612739;24;36;23;26
22201035;1610612755;29;26;29;34
22200641;1610612748;28;25;24;34
22200641;1610612749;20;25;26;24
22200571;1610612750;29;31;29;24
22200571;1610612757;24;29;32;21
22200825;1610612748;39;21;29;27
22200825;1610612754;30;33;20;28
22200915;1610612760;26;24;40;25
22200915;1610612758;36;22;36;30
22200595;1610612758;38;35;36;25
22200595;1610612747;37;36;36;27
22201125;1610612762;26;26;29;22
22201125;1610612756;37;20;27;33
22201102;1610612762;25;33;27;31
22201102;1610612749;40;32;43;29
22200955;1610612747;34;21;21;26
22200955;1610612750;33;23;27;27
22200946;1610612766;26;22;25;33
22200946;1610612753;31;33;27;26
22200086;1610612742;25;26;20;28
22200086;1610612760;27;19;26;27
22200150;1610612748;28;32;21;26
22200150;1610612757;28;25;20;37
22200430;1610612738;28;26;27;28
22200430;1610612753;32;30;26;29
22200551;1610612766;21;24;31;39
22200551;1610612747;22;38;34;27
22201189;1610612765;34;23;33;18
22201189;1610612751;47;27;22;27
22201147;1610612743;17;23;0;30
22201147;1610612740;21;29;0;32
22200806;1610612750;32;31;31;34
22200806;1610612743;21;22;28;27
22200276;1610612754;23;34;31;40
22200276;1610612751;35;30;29;23
22200338;1610612746;24;14;31;27
22200338;1610612758;38;22;30;33
22201076;1610612762;40;28;27;33
22201076;1610612758;19;33;43;25
22200691;1610612758;33;26;32;27
22200691;1610612760;32;34;22;25
22200453;1610612755;22;35;21;21
22200453;1610612761;23;23;32;21
22200133;1610612766;21;23;26;24
22200133;1610612751;30;22;17;29
22200952;1610612743;28;22;30;33
22200952;1610612763;27;31;22;17
22200777;1610612756;23;24;20;33
22200777;1610612737;26;40;36;30
22200840;1610612748;28;30;17;22
22200840;1610612745;29;27;17;22
22201082;1610612746;22;29;30;19
22201082;1610612760;23;33;24;21
22201049;1610612739;31;30;23;33
22201049;1610612764;24;20;30;20
22200310;1610612742;36;19;37;24
22200310;1610612744;24;30;33;26
22200041;1610612760;18;26;30;32
22200041;1610612750;31;22;29;34
22200289;1610612756;22;29;27;35
22200289;1610612762;32;22;27;31
22200585;1610612759;31;20;35;35
22200585;1610612765;28;20;28;33
22200348;1610612752;23;23;25;21
22200348;1610612739;16;27;20;18
22201216;1610612738;29;32;39;20
22201216;1610612737;31;33;26;24
22200209;1610612757;30;32;31;24
22200209;1610612759;29;27;33;21
22200504;1610612757;30;31;40;23
22200504;1610612766;34;33;28;18
22200618;1610612765;31;34;36;34
22200618;1610612750;34;30;23;31
22200263;1610612737;35;37;25;18
22200263;1610612758;26;31;31;18
22200141;1610612761;21;34;28;30
22200141;1610612741;30;19;33;22
22200788;1610612738;20;24;29;21
22200788;1610612756;24;33;17;32
22200085;1610612749;32;27;32;32
22200085;1610612737;30;21;33;31
22201145;1610612757;20;26;18;16
22201145;1610612758;19;31;33;37
22200935;1610612738;26;29;41;21
22200935;1610612739;28;24;26;35
22200839;1610612761;34;27;35;20
22200839;1610612762;28;30;25;39
22200689;1610612762;22;33;28;23
22200689;1610612751;28;23;32;34
22200337;1610612752;32;27;15;26
22200337;1610612742;20;32;41;28
22201228;1610612747;31;34;34;29
22201228;1610612762;25;31;39;22
22201040;1610612759;29;33;32;27
22201040;1610612742;28;32;28;33
22200331;1610612749;31;27;39;32
22200331;1610612747;33;33;35;32
22200187;1610612754;28;24;30;36
22200187;1610612761;26;39;25;14
22200529;1610612753;20;27;26;27
22200529;1610612764;27;29;42;21
22200097;1610612764;28;24;21;38
22200097;1610612755;30;22;34;32
22200787;1610612764;36;33;25;22
22200787;1610612757;19;32;39;34
22201213;1610612762;32;26;31;29
22201213;1610612743;19;36;40;19
22200630;1610612747;22;26;28;25
22200630;1610612742;36;23;23;19
22200470;1610612751;46;45;18;34
22200470;1610612744;17;34;28;34
22200717;1610612742;28;32;37;29
22200717;1610612764;32;33;34;28
22200199;1610612765;23;28;26;34
22200199;1610612761;27;31;30;27
22200118;1610612753;30;23;43;34
22200118;1610612744;30;35;33;31
22201229;1610612756;28;25;33;28
22201229;1610612746;19;29;34;37
22200381;1610612739;20;29;31;15
22200381;1610612758;31;18;30;27
22200613;1610612761;35;37;24;36
22200613;1610612766;34;32;28;26
22200271;1610612744;32;34;32;26
22200271;1610612746;29;18;35;25
22200848;1610612753;29;25;25;18
22200848;1610612748;19;27;26;25
22200463;1610612752;33;36;31;32
22200463;1610612744;25;31;25;13
22200670;1610612742;37;25;35;25
22200670;1610612737;40;25;33;32
22200627;1610612751;31;26;25;16
22200627;1610612738;29;31;24;25
22200431;1610612739;29;25;29;35
22200431;1610612754;31;30;33;18
22201210;1610612742;29;38;24;21
22201210;1610612741;26;28;31;30
22200307;1610612758;26;38;20;33
22200307;1610612756;31;32;28;31
22200391;1610612741;40;42;31;31
22200391;1610612742;30;23;32;30
22200094;1610612756;29;36;25;34
22200094;1610612745;24;32;30;23
22200344;1610612740;27;32;28;34
22200344;1610612743;31;29;21;25
22200345;1610612759;30;11;30;24
22200345;1610612756;35;36;35;27
22200325;1610612765;36;25;38;18
22200325;1610612742;36;24;29;28
22200421;1610612742;19;22;27;22
22200421;1610612739;26;34;23;22
22200608;1610612763;35;37;25;24
22200608;1610612759;25;36;31;21
22200682;1610612757;14;20;31;30
22200682;1610612755;26;31;22;26
22200720;1610612753;46;27;29;24
22200720;1610612754;29;39;23;29
22200932;1610612746;33;23;19;26
22200932;1610612750;26;32;28;22
22200332;1610612763;29;35;28;25
22200332;1610612755;30;24;22;33
22200508;1610612754;30;34;32;33
22200508;1610612737;27;27;32;28
22200521;1610612744;27;27;34;24
22200521;1610612762;37;22;35;13
22200429;1610612765;29;34;23;27
22200429;1610612758;28;27;38;29
22201206;1610612738;34;34;27;26
22201206;1610612761;16;24;33;29
22200124;1610612738;26;37;30;30
22200124;1610612741;31;26;30;32
22200496;1610612744;33;26;40;24
22200496;1610612763;29;25;30;25
22200637;1610612750;35;29;28;29
22200637;1610612756;25;24;26;41
22200776;1610612762;31;34;31;35
22200776;1610612761;25;35;32;36
22200779;1610612739;30;37;32;29
22200779;1610612763;26;28;33;26
22200243;1610612751;28;29;39;31
22200243;1610612763;29;33;31;22
22200567;1610612755;27;39;31;23
22200567;1610612754;28;33;23;36
22200524;1610612754;29;35;35;36
22200524;1610612739;34;34;28;30
22200380;1610612751;36;32;28;24
22200380;1610612737;30;34;26;26
22200948;1610612738;37;27;20;21
22200948;1610612751;15;40;34;26
22200791;1610612759;26;35;26;38
22200791;1610612755;26;47;33;31
22200696;1610612750;26;24;37;26
22200696;1610612745;26;26;32;20
22200234;1610612747;30;38;28;32
22200234;1610612765;37;27;31;26
22201120;1610612757;37;25;32;18
22201120;1610612760;25;43;28;22
22201060;1610612741;33;37;20;23
22201060;1610612748;19;26;32;22
22200929;1610612742;33;26;39;24
22200929;1610612754;31;38;37;18
22200254;1610612760;34;24;29;32
22200254;1610612752;38;31;29;31
22200874;1610612754;15;27;40;35
22200874;1610612741;39;19;28;27
22200823;1610612764;32;29;27;30
22200823;1610612766;31;30;15;28
22200535;1610612743;23;37;25;39
22200535;1610612748;19;38;33;29
22200944;1610612759;21;31;31;27
22200944;1610612754;29;25;16;29
22201188;1610612756;42;27;28;18
22201188;1610612759;25;26;25;18
22200523;1610612766;36;21;28;36
22200523;1610612760;30;30;24;29
22200958;1610612748;29;37;21;30
22200958;1610612737;26;23;26;34
22200491;1610612758;27;23;33;28
22200491;1610612764;28;40;34;23
22201208;1610612749;31;41;15;27
22201208;1610612763;36;35;37;29
22200647;1610612757;31;40;35;30
22200647;1610612742;30;26;34;29
22200870;1610612756;27;35;28;30
22200870;1610612758;29;29;28;23
22200216;1610612749;34;27;34;18
22200216;1610612739;37;23;18;20
22201138;1610612752;19;29;28;25
22201138;1610612748;23;23;30;16
22201179;1610612764;29;33;35;31
22201179;1610612749;32;43;39;26
22200790;1610612750;34;23;18;45
22200790;1610612753;27;37;26;37
22201159;1610612757;27;32;30;25
22201159;1610612758;36;35;33;34
22200217;1610612740;32;26;37;29
22200217;1610612741;28;25;25;32
22200067;1610612760;34;19;36;29
22200067;1610612746;24;36;27;23
22200304;1610612740;34;22;25;24
22200304;1610612760;26;24;24;27
22201169;1610612753;34;29;28;37
22201169;1610612765;29;15;24;34
22200882;1610612747;38;17;34;31
22200882;1610612740;25;26;24;27
22200134;1610612737;29;31;28;21
22200134;1610612740;28;24;33;24
22200186;1610612765;29;28;24;27
22200186;1610612738;30;25;34;28
22200838;1610612738;32;39;26;30
22200838;1610612766;24;29;28;35
22200658;1610612739;24;23;31;35
22200658;1610612740;25;25;31;22
22201041;1610612746;28;33;38;35
22201041;1610612744;23;35;35;33
22200763;1610612757;31;33;35;30
22200763;1610612737;23;37;32;33
22200605;1610612764;37;19;32;24
22200605;1610612740;35;33;32;32
22200652;1610612759;32;32;26;29
22200652;1610612758;33;30;39;30
22201001;1610612750;33;35;20;26
22201001;1610612751;26;34;37;17
22200438;1610612746;20;30;22;30
22200438;1610612764;28;29;18;18
22200371;1610612740;27;29;23;25
22200371;1610612765;28;15;30;25
22200151;1610612741;30;28;28;25
22200151;1610612761;27;26;17;27
22200160;1610612754;27;43;25;24
22200160;1610612743;35;21;33;33
22201106;1610612747;41;33;19;23
22201106;1610612760;25;41;26;19
22201084;1610612748;31;33;28;35
22201084;1610612752;32;29;25;34
22200164;1610612751;38;31;23;20
22200164;1610612752;22;22;27;14
22201021;1610612737;29;23;33;30
22201021;1610612750;40;36;30;30
22200017;1610612766;24;27;34;27
22200017;1610612740;35;26;32;31
22201083;1610612764;29;28;16;31
22201083;1610612743;31;24;39;24
22201176;1610612766;29;20;26;25
22201176;1610612761;25;36;33;26
22200606;1610612738;28;31;25;23
22200606;1610612741;25;25;23;26
22200007;1610612748;33;26;27;22
22200007;1610612741;28;31;37;20
22200143;1610612746;29;27;29;17
22200143;1610612762;29;34;21;26
22201211;1610612758;16;32;25;24
22201211;1610612744;32;21;33;33
22200615;1610612744;26;19;34;34
22200615;1610612756;31;28;39;27
22200544;1610612750;39;25;24;16
22200544;1610612765;28;22;38;28
22200175;1610612740;27;30;17;21
22200175;1610612757;27;24;27;28
22200620;1610612737;19;27;36;23
22200620;1610612749;39;28;22;25
22201002;1610612759;26;42;30;30
22201002;1610612743;38;29;26;27
22201218;1610612739;25;29;21;20
22201218;1610612766;17;32;21;36
22200623;1610612763;32;44;36;23
22200623;1610612759;37;25;35;32
22201155;1610612745;31;27;33;30
22201155;1610612765;28;33;31;23
22200953;1610612744;21;33;28;26
22200953;1610612740;35;22;21;21
22200735;1610612746;41;37;26;34
22200735;1610612759;25;32;24;19
22201112;1610612746;26;30;29;25
22201112;1610612740;37;31;31;32
22200158;1610612746;31;33;24;31
22200158;1610612739;37;27;23;30
22201015;1610612766;35;24;30;19
22201015;1610612739;25;27;29;33
22201036;1610612748;29;34;42;33
22201036;1610612763;27;24;26;42
22200486;1610612748;28;30;24;26
22200486;1610612754;31;25;28;27
22200995;1610612749;37;27;23;31
22200995;1610612751;20;27;33;33
22200393;1610612743;28;33;31;23
22200393;1610612762;26;26;38;20
22200899;1610612756;29;36;29;30
22200899;1610612760;30;30;27;28
22201048;1610612737;39;32;33;23
22201048;1610612744;31;35;30;23
22201079;1610612751;30;25;23;31
22201079;1610612739;23;38;33;21
22200971;1610612739;26;30;22;31
22200971;1610612738;33;35;24;17
22200869;1610612749;27;37;26;26
22200869;1610612738;35;28;32;21
22201072;1610612755;22;18;28;23
22201072;1610612741;17;27;25;22
22200257;1610612763;31;28;17;33
22200257;1610612758;28;36;24;25
22200854;1610612758;34;28;24;28
22200854;1610612742;32;32;24;26
22200176;1610612738;33;33;31;34
22200176;1610612743;25;32;34;21
22201024;1610612745;31;31;23;26
22201024;1610612738;29;26;25;29
22200996;1610612763;48;29;22;32
22200996;1610612744;28;31;34;17
22201096;1610612746;36;18;38;35
22201096;1610612760;29;25;26;25
22200542;1610612759;30;34;29;32
22200542;1610612742;32;36;35;23
22200726;1610612744;24;29;37;32
22200726;1610612763;22;32;42;24
22201123;1610612754;27;20;27;30
22201123;1610612742;29;30;40;28
22200277;1610612748;28;28;29;25
22200277;1610612764;38;21;26;22
22200998;1610612755;29;27;29;35
22200998;1610612757;37;34;25;23
22200575;1610612758;30;28;30;29
22200575;1610612737;30;31;30;29
22200026;1610612744;34;18;36;35
22200026;1610612743;40;30;28;30
22200534;1610612740;31;36;32;28
22200534;1610612755;27;33;31;25
22200045;1610612748;23;20;33;14
22200045;1610612761;27;21;23;27
22200502;1610612740;24;33;33;23
22200502;1610612754;18;20;24;31
22201044;1610612761;29;35;29;35
22201044;1610612760;28;31;28;24
22200184;1610612746;19;31;21;24
22200184;1610612751;24;30;21;35
22200761;1610612742;30;23;30;28
22200761;1610612765;27;30;27;21
22200573;1610612744;26;30;32;31
22200573;1610612765;34;26;31;31
22200103;1610612751;27;31;22;19
22200103;1610612741;25;27;25;31
22200507;1610612738;22;34;36;34
22200507;1610612745;21;28;32;21
22200207;1610612742;30;24;15;34
22200207;1610612746;15;17;33;36
22200990;1610612756;34;26;44;28
22200990;1610612760;21;31;28;21
22200258;1610612743;29;28;24;27
22200258;1610612765;28;30;25;27
22200343;1610612762;31;29;30;21
22200343;1610612757;40;29;23;24
22200636;1610612741;31;27;32;20
22200636;1610612760;33;39;19;33
22200905;1610612753;25;27;22;34
22200905;1610612754;27;24;31;39
22200475;1610612758;25;41;40;28
22200475;1610612747;26;32;28;34
22200236;1610612754;22;29;38;25
22200236;1610612753;28;27;29;29
22200677;1610612747;39;21;22;29
22200677;1610612758;28;33;29;26
22200629;1610612761;38;31;28;27
22200629;1610612766;29;26;33;26
22200145;1610612753;30;35;23;39
22200145;1610612745;33;38;29;34
22200541;1610612745;35;14;21;18
22200541;1610612752;27;26;29;26
22200449;1610612750;32;39;42;37
22200449;1610612741;34;31;32;29
22201113;1610612766;30;25;26;29
22201113;1610612742;16;32;24;32
22200262;1610612754;21;27;29;24
22200262;1610612750;29;24;34;28
22200980;1610612750;27;18;23;26
22200980;1610612755;24;34;29;30
22201182;1610612741;26;27;27;25
22201182;1610612737;36;29;25;33
22200907;1610612763;28;38;28;18
22200907;1610612743;20;22;20;32
22200011;1610612759;22;25;28;27
22200011;1610612766;38;30;30;31
22200138;1610612743;40;30;29;27
22200138;1610612759;27;24;25;25
22200700;1610612761;37;25;24;39
22200700;1610612752;22;31;33;30
22200821;1610612747;34;32;33;31
22200821;1610612760;36;40;28;29
22200706;1610612765;24;31;37;38
22200706;1610612749;49;34;32;35
22201185;1610612740;22;32;26;23
22201185;1610612758;25;40;31;25
22201130;1610612764;29;35;35;31
22201130;1610612738;23;28;27;33
22200329;1610612751;41;31;21;21
22200329;1610612761;17;32;23;33
22200930;1610612762;30;18;25;21
22200930;1610612759;32;18;21;31
22201019;1610612747;27;32;27;22
22201019;1610612752;31;31;23;27
22201037;1610612741;30;28;22;34
22201037;1610612758;25;23;37;32
22200835;1610612765;19;34;38;22
22200835;1610612759;28;26;29;30
22200022;1610612748;22;29;26;27
22200022;1610612738;30;29;30;22
22201075;1610612763;30;27;26;29
22201075;1610612742;28;32;36;12
22200024;1610612745;32;38;30;22
22200024;1610612763;26;36;33;34
22200212;1610612753;24;25;31;28
22200212;1610612750;42;32;24;28
22200101;1610612762;23;38;36;24
22200101;1610612763;26;18;30;31
22200962;1610612742;25;37;33;31
22200962;1610612756;31;28;37;34
22201085;1610612761;26;26;26;36
22201085;1610612754;36;22;25;35
22200782;1610612742;40;30;25;16
22200782;1610612740;22;21;33;30
22200219;1610612743;27;27;30;19
22200219;1610612752;30;25;25;26
22200993;1610612754;38;26;34;17
22200993;1610612745;27;31;33;24
22200292;1610612746;35;24;23;32
22200292;1610612754;29;28;12;31
22200922;1610612740;25;24;25;19
22200922;1610612753;36;14;29;22
22200087;1610612762;24;38;33;29
22200087;1610612763;30;24;37;32
22200661;1610612737;38;32;21;30
22200661;1610612748;26;24;30;33
22200586;1610612740;28;36;21;17
22200586;1610612751;27;26;35;20
22200312;1610612739;25;44;21;23
22200312;1610612755;21;27;18;19
22200354;1610612737;29;30;29;26
22200354;1610612760;27;27;30;37
22201051;1610612745;31;18;31;34
22201051;1610612740;26;28;36;22
22201215;1610612746;26;38;45;27
22201215;1610612757;33;37;26;29
22200546;1610612762;30;33;35;25
22200546;1610612748;31;38;27;30
22201011;1610612740;22;22;28;24
22201011;1610612760;32;31;24;23
22200503;1610612759;31;32;33;30
22200503;1610612762;26;30;26;40
22200308;1610612747;32;30;31;22
22200308;1610612754;29;27;28;32
22200752;1610612766;26;32;33;31
22200752;1610612748;28;34;24;31
22200454;1610612737;34;34;36;22
22200454;1610612753;27;38;29;31
22200920;1610612755;22;28;30;19
22200920;1610612748;28;30;26;17
22200986;1610612738;35;25;34;21
22200986;1610612757;28;17;27;21
22200774;1610612750;32;30;20;28
22200774;1610612744;34;37;22;17
22200163;1610612738;29;34;32;33
22200163;1610612765;21;28;30;33
22200758;1610612750;17;36;28;22
22200758;1610612758;24;27;27;25
22200572;1610612740;45;30;23;21
22200572;1610612745;22;30;21;35
22200625;1610612758;31;36;27;41
22200625;1610612745;27;35;33;20
22200669;1610612752;22;26;30;27
22200669;1610612764;35;21;32;28
22200301;1610612738;45;33;43;19
22200301;1610612766;19;36;27;23
22200490;1610612756;20;18;31;31
22200490;1610612763;39;20;38;28
22200068;1610612744;31;32;29;31
22200068;1610612748;30;29;28;23
22200202;1610612748;35;23;26;29
22200202;1610612756;31;26;34;21
22200189;1610612748;34;23;45;30
22200189;1610612766;33;26;25;31
22200432;1610612755;33;22;33;30
22200432;1610612744;38;19;24;25
22200811;1610612741;39;23;28;38
22200811;1610612759;28;31;26;19
22201012;1610612744;28;22;30;31
22201012;1610612749;26;23;28;34
22200798;1610612740;30;31;42;28
22200798;1610612747;32;40;34;20
22200690;1610612747;26;23;32;41
22200690;1610612763;23;30;36;32
22200885;1610612756;23;29;32;23
22200885;1610612746;28;26;37;25
22200140;1610612747;36;28;16;20
22200140;1610612739;30;28;29;27
22200896;1610612737;32;49;27;28
22200896;1610612739;23;34;26;36
22201170;1610612758;30;28;34;31
22201170;1610612759;32;31;33;27
22201207;1610612751;27;31;20;23
22201207;1610612753;23;16;23;22
22200383;1610612763;34;27;37;16
22200383;1610612765;27;26;25;25
22200654;1610612757;33;28;37;42
22200654;1610612742;31;23;41;28
22201020;1610612765;38;29;24;26
22201020;1610612754;20;29;19;29
22201063;1610612751;21;27;23;31
22201063;1610612743;33;30;28;17
22200859;1610612754;33;18;37;29
22200859;1610612762;27;26;36;34
22200917;1610612757;32;41;29;29
22200917;1610612745;31;27;30;26
22200520;1610612740;24;25;37;33
22200520;1610612750;28;27;33;30
22201146;1610612749;26;21;27;25
22201146;1610612738;34;41;39;26
22200537;1610612758;30;30;31;35
22200537;1610612762;27;30;30;38
22200468;1610612737;25;26;26;31
22200468;1610612741;30;31;20;29
22200886;1610612739;26;31;34;18
22200886;1610612743;31;25;33;26
22200188;1610612755;37;30;32;22
22200188;1610612737;24;27;33;25
22200568;1610612752;39;23;32;23
22200568;1610612759;29;26;34;25
22200190;1610612742;35;24;26;32
22200190;1610612757;25;32;31;24
22200031;1610612748;38;33;21;20
22200031;1610612761;33;17;33;26
22200924;1610612751;34;28;23;19
22200924;1610612749;22;30;39;27
22201186;1610612762;33;24;36;31
22201186;1610612747;34;34;29;27
22200148;1610612755;33;23;19;25
22200148;1610612756;20;27;23;18
22200002;1610612744;25;34;32;32
22200002;1610612747;22;30;19;38
22200162;1610612737;22;32;36;29
22200162;1610612762;26;37;22;40
22201065;1610612759;34;27;39;26
22201065;1610612737;40;43;20;15
22200326;1610612766;36;38;33;10
22200326;1610612764;31;28;29;28
22200879;1610612763;38;25;25;29
22200879;1610612762;24;23;33;31
22200675;1610612762;36;32;27;31
22200675;1610612746;26;30;25;22
22201089;1610612749;33;33;34;30
22201089;1610612759;28;23;21;22
22200353;1610612753;21;24;27;30
22200353;1610612749;30;26;32;21
22200055;1610612756;37;35;33;29
22200055;1610612744;29;37;20;19
22200530;1610612737;33;34;28;26
22200530;1610612747;23;39;36;32
22201167;1610612737;37;33;24;29
22201167;1610612742;29;37;25;32
22200684;1610612737;35;33;34;0
22200684;1610612752;38;33;30;0
22200156;1610612744;29;26;24;37
22200156;1610612758;31;36;21;25
22200947;1610612737;31;28;38;32
22200947;1610612757;19;30;27;35
22200048;1610612745;21;30;26;37
22200048;1610612762;18;27;28;35
22200969;1610612738;34;27;26;26
22200969;1610612752;31;23;34;25
22200844;1610612758;25;31;31;27
22200844;1610612742;45;29;27;21
22200775;1610612759;31;23;30;25
22200775;1610612758;30;31;28;30
22200351;1610612757;28;26;39;23
22200351;1610612754;24;25;25;26
22200397;1610612752;36;30;29;17
22200397;1610612758;22;28;30;19
22200280;1610612749;25;27;35;30
22200280;1610612739;30;33;10;29
22200509;1610612761;29;27;26;31
22200509;1610612746;27;33;37;27
22200211;1610612766;27;36;27;23
22200211;1610612754;27;33;30;35
22200881;1610612743;26;35;31;26
22200881;1610612742;25;19;30;35
22200814;1610612744;31;29;44;37
22200814;1610612760;37;16;26;35
22200108;1610612755;25;26;39;21
22200108;1610612764;31;26;34;30
22200660;1610612764;33;31;29;25
22200660;1610612744;35;34;24;34
22200274;1610612752;31;30;25;30
22200274;1610612757;25;37;30;24
22200114;1610612759;31;18;21;30
22200114;1610612761;32;32;40;39
22200050;1610612750;28;29;14;35
22200050;1610612759;39;28;36;12
22200339;1610612766;24;21;28;23
22200339;1610612749;30;26;28;21
22200379;1610612753;37;30;27;19
22200379;1610612761;25;38;24;22
22200047;1610612741;30;35;35;20
22200047;1610612738;39;15;25;23
22200853;1610612744;22;31;26;24
22200853;1610612747;21;30;34;24
22200500;1610612748;33;26;34;20
22200500;1610612750;31;25;30;24
22200166;1610612741;22;28;32;29
22200166;1610612740;22;30;27;36
22200333;1610612759;24;28;19;28
22200333;1610612740;26;23;32;36
22200204;1610612749;24;26;30;26
22200204;1610612737;29;34;31;27
22200983;1610612742;34;25;28;33
22200983;1610612762;31;28;27;30
22200600;1610612763;23;43;32;25
22200600;1610612762;24;28;38;28
22200824;1610612738;30;29;27;20
22200824;1610612755;27;28;24;20
22201154;1610612739;47;25;30;14
22201154;1610612752;42;37;26;25
22200260;1610612766;21;32;26;28
22200260;1610612755;33;21;21;26
22200828;1610612762;31;36;21;30
22200828;1610612750;33;44;40;26
22200165;1610612761;29;28;29;30
22200165;1610612745;37;17;28;27
22200808;1610612765;25;28;19;27
22200808;1610612738;26;34;30;21
22201141;1610612763;30;34;41;27
22201141;1610612746;29;41;35;36
22200127;1610612742;31;31;34;15
22200127;1610612761;29;28;24;29
22200433;1610612761;29;33;22;32
22200433;1610612751;19;33;36;31
22200748;1610612759;26;22;28;34
22200748;1610612756;33;22;32;23
22201173;1610612739;28;31;27;29
22201173;1610612754;28;33;26;18
22200878;1610612751;26;26;31;33
22200878;1610612748;25;31;24;25
22200817;1610612751;25;26;30;31
22200817;1610612756;24;33;30;29
22200982;1610612760;40;28;37;32
22200982;1610612744;30;34;35;29
22200043;1610612746;18;23;31;23
22200043;1610612756;33;28;25;26
22200361;1610612748;25;25;23;23
22200361;1610612765;20;27;31;38
22201177;1610612765;27;25;27;26
22201177;1610612748;31;28;21;38
22200268;1610612760;21;42;34;23
22200268;1610612743;38;31;15;36
22201008;1610612737;38;23;28;36
22201008;1610612738;37;34;30;33
22200812;1610612745;24;24;40;32
22200812;1610612758;31;34;34;41
22200632;1610612765;28;22;33;27
22200632;1610612740;32;27;33;24
22201062;1610612762;24;33;0;31
22201062;1610612738;34;30;0;27
22201224;1610612742;14;45;32;26
22201224;1610612759;42;29;37;30
22200125;1610612763;41;30;33;26
22200125;1610612766;24;23;22;30
22200035;1610612743;28;27;33;34
22200035;1610612760;29;26;30;32
22200488;1610612760;23;23;31;35
22200488;1610612740;33;31;16;32
22200369;1610612749;34;34;29;29
22200369;1610612758;29;32;33;19
22200020;1610612737;19;31;30;28
22200020;1610612753;27;27;27;17
22200128;1610612740;26;35;27;26
22200128;1610612744;27;27;25;26
22200781;1610612741;31;22;32;29
22200781;1610612766;29;20;21;28
22200770;1610612755;37;19;26;23
22200770;1610612753;23;30;25;16
22200117;1610612747;23;33;26;29
22200117;1610612740;27;17;35;32
22201091;1610612762;34;22;32;27
22201091;1610612757;29;39;23;36
22200830;1610612757;34;29;0;32
22200830;1610612744;27;40;0;28
