id;PLAYER_ID; PLAYER_NAME; NICKNAME; TEAM_ID; TEAM_ABBREVIATION; AGE; GP; W; L; W_PCT; FGM; FGA; FG_PCT; FG3M; FG3A; FG3_PCT; FTM; FTA; FT_PCT; OREB; DREB; REB; AST; TOV; STL; BLK; BLKA; PF; PTS
0;203932; 'Aaron Gordon'; 'Aaron';1610612743; 'DEN'; 26.0;75;46;29; 0.613;434;834; 0.52;87;260; 0.335;171;230; 0.743;125;314;439;188;133;44;44;52;148;1126
1;1630565; 'Aaron Henry'; 'Aaron';1610612755; 'PHI'; 22.0;6;6;0; 1.0;1;5; 0.2;0;1; 0.0;0;0; 0.0;0;1;1;0;2;0;2;2;2;2
2;1628988; 'Aaron Holiday'; 'Aaron';1610612756; 'PHX'; 25.0;63;34;29; 0.54;151;338; 0.447;39;103; 0.379;59;68; 0.868;24;98;122;153;67;42;9;18;92;400
3;1630174; 'Aaron Nesmith'; 'Aaron';1610612738; 'BOS'; 22.0;52;32;20; 0.615;72;182; 0.396;31;115; 0.27;21;26; 0.808;15;74;89;22;31;20;5;2;70;196
4;1630598; 'Aaron Wiggins'; 'Aaron';1610612760; 'OKC'; 23.0;50;13;37; 0.26;156;337; 0.463;42;138; 0.304;62;85; 0.729;51;127;178;68;54;30;10;21;93;416
5;1627846; 'Abdel Nader'; 'Abdel';1610612756; 'PHX'; 28.0;14;11;3; 0.786;12;35; 0.343;4;14; 0.286;6;10; 0.6;4;23;27;7;11;8;4;2;20;34
6;1630278; 'Ade Murkey'; 'Ade';1610612758; 'SAC'; 24.0;1;0;1; 0.0;0;0; 0.0;0;0; 0.0;0;0; 0.0;0;0;0;0;0;0;0;0;0;0
7;1629678; 'Admiral Schofield'; 'Admiral';1610612753; 'ORL'; 25.0;38;10;28; 0.263;54;129; 0.419;26;79; 0.329;12;15; 0.8;17;72;89;25;21;4;5;5;58;146
8;1629958; 'Ahmad Caver'; 'Ahmad';1610612754; 'IND'; 25.0;1;0;1; 0.0;1;1; 1.0;0;0; 0.0;0;0; 0.0;0;0;0;0;0;0;0;0;0;2
9;201143; 'Al Horford'; 'Al';1610612738; 'BOS'; 36.0;69;46;23; 0.667;266;569; 0.467;89;265; 0.336;80;95; 0.842;108;422;530;232;65;49;92;13;130;701
10;202692; 'Alec Burks'; 'Alec';1610612752; 'NYK'; 30.0;81;37;44; 0.457;285;728; 0.391;157;389; 0.404;217;264; 0.822;47;350;397;239;91;85;26;28;215;944
11;1630758; 'Aleem Ford'; 'Aleem';1610612753; 'ORL'; 24.0;5;2;3; 0.4;6;20; 0.3;2;15; 0.133;0;0; 0.0;2;13;15;2;4;1;0;1;7;14
12;1630197; 'Aleksej Pokusevski'; 'Aleksej';1610612760; 'OKC'; 20.0;61;19;42; 0.311;186;456; 0.408;57;197; 0.289;35;50; 0.7;73;245;318;131;94;39;38;24;88;464
13;1627936; 'Alex Caruso'; 'Alex';1610612741; 'CHI'; 28.0;41;24;17; 0.585;102;256; 0.398;42;126; 0.333;58;73; 0.795;33;115;148;165;57;71;15;18;106;304
14;203458; 'Alex Len'; 'Alex';1610612758; 'SAC'; 29.0;39;17;22; 0.436;94;176; 0.534;6;21; 0.286;41;63; 0.651;52;109;161;45;43;13;25;13;100;235
15;1628035; 'Alfonzo McKinnie'; 'Alfonzo';1610612741; 'CHI'; 29.0;17;8;9; 0.471;24;61; 0.393;9;27; 0.333;2;8; 0.25;13;20;33;5;7;2;3;4;26;59
16;1628993; 'Alize Johnson'; 'Alize';1610612740; 'NOP'; 26.0;23;14;9; 0.609;17;39; 0.436;0;4; 0.0;7;12; 0.583;28;33;61;9;12;5;0;7;18;41
17;1630578; 'Alperen Sengun'; 'Alperen';1610612745; 'HOU'; 19.0;72;18;54; 0.25;249;525; 0.474;29;117; 0.248;165;232; 0.711;138;255;393;185;145;59;68;46;214;692
18;1629599; 'Amir Coffey'; 'Amir';1610612746; 'LAC'; 25.0;69;33;36; 0.478;211;466; 0.453;96;254; 0.378;101;117; 0.863;26;171;197;124;45;38;15;28;87;619
19;203083; 'Andre Drummond'; 'Andre';1610612751; 'BKN'; 28.0;73;42;31; 0.575;247;433; 0.57;0;3; 0.0;86;164; 0.524;229;451;680;131;115;78;68;47;192;580
20;2738; 'Andre Iguodala'; 'Andre';1610612744; 'GSW'; 38.0;31;20;11; 0.645;46;121; 0.38;17;74; 0.23;15;20; 0.75;21;79;100;114;28;27;22;2;34;124
21;203952; 'Andrew Wiggins'; 'Andrew';1610612744; 'GSW'; 27.0;73;47;26; 0.644;475;1019; 0.466;157;399; 0.393;149;235; 0.634;85;240;325;161;111;76;51;43;158;1256
22;1629014; 'Anfernee Simons'; 'Anfernee';1610612757; 'POR'; 23.0;57;25;32; 0.439;353;797; 0.443;179;442; 0.405;103;116; 0.888;26;125;151;221;115;30;6;37;110;988
23;203076; 'Anthony Davis'; 'Anthony';1610612747; 'LAL'; 29.0;40;17;23; 0.425;370;695; 0.532;13;70; 0.186;174;244; 0.713;106;288;394;122;82;49;90;19;97;927
24;1630162; 'Anthony Edwards'; 'Anthony';1610612750; 'MIN'; 20.0;72;39;33; 0.542;549;1245; 0.441;215;602; 0.357;220;280; 0.786;62;281;343;275;190;105;46;46;164;1533
25;1630264; 'Anthony Gill'; 'Anthony';1610612764; 'WAS'; 29.0;44;15;29; 0.341;62;109; 0.569;14;26; 0.538;42;52; 0.808;33;52;85;27;18;5;11;12;58;180
26;1630237; 'Anthony Lamb'; 'Anthony';1610612745; 'HOU'; 24.0;2;0;2; 0.0;0;2; 0.0;0;2; 0.0;0;0; 0.0;0;1;1;2;0;0;0;1;0;0
27;1629717; 'Armoni Brooks'; 'Armoni';1610612761; 'TOR'; 24.0;54;20;34; 0.37;98;289; 0.339;74;249; 0.297;18;21; 0.857;20;83;103;62;27;28;11;4;74;288
28;1629083; 'Arnoldas Kulboka'; 'Arnoldas';1610612766; 'CHA'; 24.0;2;2;0; 1.0;0;1; 0.0;0;1; 0.0;0;0; 0.0;0;0;0;0;0;0;0;0;1;0
29;1630559; 'Austin Reaves'; 'Austin';1610612747; 'LAL'; 24.0;61;28;33; 0.459;146;318; 0.459;53;167; 0.317;99;118; 0.839;45;148;193;110;40;29;20;11;87;444
30;203085; 'Austin Rivers'; 'Austin';1610612743; 'DEN'; 29.0;67;41;26; 0.612;146;350; 0.417;79;231; 0.342;32;44; 0.727;19;95;114;90;54;51;6;13;121;403
31;202340; 'Avery Bradley'; 'Avery';1610612747; 'LAL'; 31.0;62;27;35; 0.435;148;350; 0.423;82;210; 0.39;16;18; 0.889;31;105;136;47;38;53;9;19;118;394
32;1630245; 'Ayo Dosunmu'; 'Ayo';1610612741; 'CHI'; 22.0;77;42;35; 0.545;278;535; 0.52;70;186; 0.376;53;78; 0.679;27;187;214;256;108;60;29;35;182;679
33;1629168; 'BJ Johnson'; 'BJ';1610612753; 'ORL'; 26.0;4;2;2; 0.5;11;25; 0.44;4;10; 0.4;0;0; 0.0;6;9;15;0;0;0;1;2;4;26
34;1628389; 'Bam Adebayo'; 'Bam';1610612748; 'MIA'; 24.0;56;36;20; 0.643;406;729; 0.557;0;6; 0.0;256;340; 0.753;137;427;564;190;148;80;44;40;171;1068
35;203463; 'Ben McLemore'; 'Ben';1610612757; 'POR'; 29.0;64;20;44; 0.313;216;539; 0.401;151;417; 0.362;72;88; 0.818;12;91;103;59;55;38;10;21;103;655
36;202687; 'Bismack Biyombo'; 'Bismack';1610612756; 'PHX'; 29.0;36;30;6; 0.833;86;145; 0.593;0;0; 0.0;38;71; 0.535;63;104;167;23;25;12;26;7;70;210
37;201933; 'Blake Griffin'; 'Blake';1610612751; 'BKN'; 33.0;56;29;27; 0.518;133;313; 0.425;38;145; 0.262;55;76; 0.724;60;168;228;105;31;27;14;19;95;359
38;1626246; 'Boban Marjanovic'; 'Boban';1610612742; 'DAL'; 33.0;23;15;8; 0.652;42;70; 0.6;1;4; 0.25;13;22; 0.591;8;31;39;3;15;0;3;5;24;98
39;1626171; 'Bobby Portis'; 'Bobby';1610612749; 'MIL'; 27.0;72;46;26; 0.639;417;871; 0.479;133;338; 0.393;85;113; 0.752;180;477;657;86;90;53;51;48;174;1052
40;203992; 'Bogdan Bogdanovic'; 'Bogdan';1610612737; 'ATL'; 29.0;63;33;30; 0.524;342;794; 0.431;169;459; 0.368;97;115; 0.843;29;221;250;194;70;68;14;26;132;950
41;202711; 'Bojan Bogdanovic'; 'Bojan';1610612762; 'UTA'; 33.0;69;45;24; 0.652;422;928; 0.455;181;468; 0.387;223;260; 0.858;58;238;296;120;118;34;1;61;116;1248
42;1629626; 'Bol Bol'; 'Bol';1610612753; 'ORL'; 22.0;14;5;9; 0.357;15;27; 0.556;1;4; 0.25;2;5; 0.4;4;16;20;5;4;1;2;1;4;33
43;1630538; 'Bones Hyland'; 'Bones';1610612743; 'DEN'; 21.0;69;41;28; 0.594;230;571; 0.403;131;358; 0.366;107;125; 0.856;14;174;188;191;86;41;20;38;153;698
44;202954; 'Brad Wanamaker'; 'Brad';1610612764; 'WAS'; 32.0;23;10;13; 0.435;28;77; 0.364;4;17; 0.235;23;25; 0.92;6;33;39;55;23;7;6;12;45;83
45;203078; 'Bradley Beal'; 'Bradley';1610612764; 'WAS'; 29.0;40;17;23; 0.425;348;771; 0.451;63;210; 0.3;169;203; 0.833;38;151;189;265;135;36;15;34;95;928
46;1630527; 'Brandon Boston Jr.'; 'Brandon';1610612746; 'LAC'; 20.0;51;26;25; 0.51;125;325; 0.385;34;111; 0.306;59;72; 0.819;17;94;111;51;31;26;13;26;43;343
47;1629634; 'Brandon Clarke'; 'Brandon';1610612763; 'MEM'; 25.0;64;44;20; 0.688;288;447; 0.644;5;22; 0.227;85;130; 0.654;135;207;342;86;34;39;68;26;122;666
48;1629164; 'Brandon Goodwin'; 'Brandon';1610612739; 'CLE'; 26.0;36;19;17; 0.528;64;154; 0.416;19;55; 0.345;24;38; 0.632;14;53;67;91;36;25;1;16;39;171
49;1627742; 'Brandon Ingram'; 'Brandon';1610612740; 'NOP'; 24.0;55;29;26; 0.527;453;983; 0.461;74;226; 0.327;266;322; 0.826;35;285;320;307;151;34;26;42;119;1246
50;202688; 'Brandon Knight'; 'Brandon';1610612742; 'DAL'; 30.0;5;2;3; 0.4;10;25; 0.4;4;17; 0.235;8;8; 1.0;0;8;8;8;4;1;0;2;5;32
51;1630314; 'Brandon Williams'; 'Brandon';1610612757; 'POR'; 22.0;24;2;22; 0.083;105;282; 0.372;31;106; 0.292;68;97; 0.701;19;55;74;94;58;24;10;22;52;309
52;1630296; 'Braxton Key'; 'Braxton';1610612765; 'DET'; 25.0;11;5;6; 0.455;33;72; 0.458;6;21; 0.286;7;13; 0.538;13;37;50;11;11;10;11;4;26;79
53;1630271; 'Brodric Thomas'; 'Brodric';1610612738; 'BOS'; 25.0;12;8;4; 0.667;8;18; 0.444;2;9; 0.222;3;5; 0.6;2;8;10;11;6;1;1;1;7;21
54;201572; 'Brook Lopez'; 'Brook';1610612749; 'MIL'; 34.0;13;10;3; 0.769;61;131; 0.466;19;53; 0.358;20;23; 0.87;19;34;53;6;12;8;15;5;34;161
55;1628971; 'Bruce Brown'; 'Bruce';1610612751; 'BKN'; 25.0;72;37;35; 0.514;256;506; 0.506;38;94; 0.404;97;128; 0.758;100;245;345;148;56;77;52;38;176;647
56;1628981; 'Bruno Fernando'; 'Bruno';1610612745; 'HOU'; 23.0;30;15;15; 0.5;36;55; 0.655;1;2; 0.5;15;24; 0.625;18;37;55;7;14;1;11;7;24;88
57;1627854; 'Bryn Forbes'; 'Bryn';1610612743; 'DEN'; 28.0;75;36;39; 0.48;231;539; 0.429;122;295; 0.414;79;87; 0.908;10;83;93;75;56;25;5;29;95;663
58;1627741; 'Buddy Hield'; 'Buddy';1610612754; 'IND'; 29.0;81;26;55; 0.321;446;1098; 0.406;262;716; 0.366;111;127; 0.874;66;287;353;229;153;73;25;57;184;1265
59;1629604; 'CJ Elleby'; 'CJ';1610612757; 'POR'; 22.0;58;17;41; 0.293;121;308; 0.393;37;126; 0.294;60;84; 0.714;66;161;227;87;56;35;19;12;116;339
60;203468; 'CJ McCollum'; 'CJ';1610612740; 'NOP'; 30.0;62;28;34; 0.452;536;1164; 0.46;182;469; 0.388;116;170; 0.682;53;216;269;315;127;70;22;57;121;1370
61;101139; 'CJ Miles'; 'CJ';1610612738; 'BOS'; 35.0;1;1;0; 1.0;0;0; 0.0;0;0; 0.0;0;0; 0.0;0;0;0;0;0;0;0;0;1;0
62;1630595; 'Cade Cunningham'; 'Cade';1610612765; 'DET'; 20.0;64;20;44; 0.313;429;1031; 0.416;114;363; 0.314;142;168; 0.845;58;296;354;356;234;78;43;77;200;1114
63;1628997; 'Caleb Martin'; 'Caleb';1610612748; 'MIA'; 26.0;60;37;23; 0.617;208;410; 0.507;64;155; 0.413;71;93; 0.763;70;160;230;64;52;58;30;23;104;551
64;1629629; 'Cam Reddish'; 'Cam';1610612752; 'NYK'; 22.0;49;20;29; 0.408;165;408; 0.404;66;184; 0.359;101;112; 0.902;25;80;105;48;57;47;15;23;60;497
65;1630560; 'Cam Thomas'; 'Cam';1610612751; 'BKN'; 20.0;67;32;35; 0.478;218;503; 0.433;47;174; 0.27;87;105; 0.829;16;145;161;78;55;33;8;27;66;570
66;1629661; 'Cameron Johnson'; 'Cameron';1610612756; 'PHX'; 26.0;66;50;16; 0.758;279;607; 0.46;166;391; 0.425;98;114; 0.86;42;231;273;99;47;57;16;29;113;822
67;1630787; 'Cameron McGriff'; 'Cameron';1610612757; 'POR'; 24.0;3;0;3; 0.0;5;14; 0.357;2;6; 0.333;2;2; 1.0;6;9;15;3;0;0;1;0;7;14
68;1628419; 'Cameron Oliver'; 'Cameron';1610612737; 'ATL'; 25.0;2;1;1; 0.5;10;15; 0.667;1;3; 0.333;2;3; 0.667;2;4;6;3;0;1;1;0;5;23
69;1626166; 'Cameron Payne'; 'Cameron';1610612756; 'PHX'; 27.0;58;46;12; 0.793;240;587; 0.409;71;211; 0.336;75;89; 0.843;24;151;175;282;103;40;17;33;119;626
70;1627747; 'Caris LeVert'; 'Caris';1610612739; 'CLE'; 27.0;58;23;35; 0.397;379;854; 0.444;82;256; 0.32;146;193; 0.756;43;171;214;248;108;51;23;52;131;986
71;1630637; 'Carlik Jones'; 'Carlik';1610612743; 'DEN'; 24.0;5;3;2; 0.6;1;9; 0.111;0;1; 0.0;2;2; 1.0;1;2;3;5;3;1;0;0;0;4
72;2546; 'Carmelo Anthony'; 'Carmelo';1610612747; 'LAL'; 38.0;69;27;42; 0.391;319;723; 0.441;149;397; 0.375;132;159; 0.83;62;226;288;68;59;47;52;18;166;919
73;1629035; 'Carsen Edwards'; 'Carsen';1610612765; 'DET'; 24.0;4;1;3; 0.25;9;30; 0.3;4;16; 0.25;1;1; 1.0;2;4;6;14;5;2;0;5;4;23
74;1630199; 'Cassius Stanley'; 'Cassius';1610612765; 'DET'; 22.0;9;3;6; 0.333;19;46; 0.413;4;17; 0.235;10;10; 1.0;5;14;19;4;6;5;2;2;17;52
75;1630216; 'Cassius Winston'; 'Cassius';1610612764; 'WAS'; 24.0;7;1;6; 0.143;4;11; 0.364;2;6; 0.333;4;4; 1.0;0;1;1;7;3;0;0;1;9;14
76;1627760; 'Cat Barber'; 'Cat';1610612737; 'ATL'; 27.0;3;0;3; 0.0;0;4; 0.0;0;0; 0.0;0;4; 0.0;1;2;3;3;1;0;0;1;1;0
77;1626224; 'Cedi Osman'; 'Cedi';1610612739; 'CLE'; 27.0;66;37;29; 0.561;247;572; 0.432;128;359; 0.357;87;131; 0.664;25;121;146;135;67;52;10;26;127;709
78;1628990; 'Chandler Hutchison'; 'Chandler';1610612756; 'PHX'; 26.0;6;4;2; 0.667;1;2; 0.5;0;0; 0.0;2;2; 1.0;0;5;5;2;4;0;0;0;1;4
79;1629646; 'Charles Bassey'; 'Charles';1610612755; 'PHI'; 21.0;23;11;12; 0.478;30;47; 0.638;0;4; 0.0;9;12; 0.75;22;40;62;7;8;5;17;3;32;69
80;1629718; 'Charlie Brown Jr.'; 'Charlie';1610612755; 'PHI'; 25.0;22;16;6; 0.727;10;39; 0.256;1;12; 0.083;9;10; 0.9;14;18;32;6;5;10;4;5;18;30
81;1630602; 'Chaundee Brown Jr.'; 'Chaundee';1610612737; 'ATL'; 23.0;5;1;4; 0.2;10;32; 0.313;6;18; 0.333;5;6; 0.833;1;15;16;4;1;2;0;3;7;31
82;1627767; 'Cheick Diallo'; 'Cheick';1610612765; 'DET'; 25.0;3;0;3; 0.0;3;8; 0.375;0;0; 0.0;5;6; 0.833;4;8;12;0;1;1;0;1;6;11
83;1629002; 'Chimezie Metu'; 'Chimezie';1610612758; 'SAC'; 25.0;60;23;37; 0.383;203;449; 0.452;57;186; 0.306;71;91; 0.78;34;301;335;60;61;51;32;29;93;534
84;1628449; 'Chris Boucher'; 'Chris';1610612761; 'TOR'; 29.0;80;48;32; 0.6;268;577; 0.464;68;229; 0.297;150;193; 0.777;179;315;494;25;42;49;75;43;174;754
85;1629185; 'Chris Chiozza'; 'Chris';1610612744; 'GSW'; 26.0;34;21;13; 0.618;24;81; 0.296;17;53; 0.321;2;3; 0.667;9;27;36;65;32;13;0;6;32;67
86;1630537; 'Chris Duarte'; 'Chris';1610612754; 'IND'; 25.0;55;21;34; 0.382;268;621; 0.432;94;255; 0.369;90;112; 0.804;41;185;226;114;90;56;10;37;95;720
87;101108; 'Chris Paul'; 'Chris';1610612756; 'PHX'; 37.0;65;53;12; 0.815;363;736; 0.493;63;199; 0.317;169;202; 0.837;22;261;283;702;153;121;20;12;134;958
88;1629735; 'Chris Silva'; 'Chris';1610612748; 'MIA'; 25.0;10;7;3; 0.7;8;15; 0.533;0;0; 0.0;10;12; 0.833;13;23;36;7;8;0;1;3;20;26
89;1626174; 'Christian Wood'; 'Christian';1610612745; 'HOU'; 26.0;68;19;49; 0.279;440;878; 0.501;131;336; 0.39;207;332; 0.623;110;576;686;155;126;54;65;48;171;1218
90;1629643; 'Chuma Okeke'; 'Chuma';1610612753; 'ORL'; 23.0;70;21;49; 0.3;216;575; 0.376;118;371; 0.318;55;65; 0.846;47;300;347;118;57;97;42;14;95;605
91;203991; 'Clint Capela'; 'Clint';1610612737; 'ATL'; 28.0;74;40;34; 0.541;370;604; 0.613;0;1; 0.0;80;169; 0.473;279;598;877;92;44;55;93;38;166;820
92;1629632; 'Coby White'; 'Coby';1610612741; 'CHI'; 22.0;61;32;29; 0.525;279;644; 0.433;136;353; 0.385;78;91; 0.857;17;165;182;176;70;29;11;27;137;772
93;1628998; 'Cody Martin'; 'Cody';1610612766; 'CHA'; 26.0;71;41;30; 0.577;204;423; 0.482;61;159; 0.384;75;107; 0.701;82;203;285;179;61;88;32;28;116;544
94;203469; 'Cody Zeller'; 'Cody';1610612757; 'POR'; 29.0;27;13;14; 0.481;51;90; 0.567;0;4; 0.0;38;49; 0.776;50;75;125;22;19;8;6;14;56;140
95;1630175; 'Cole Anthony'; 'Cole';1610612753; 'ORL'; 22.0;65;18;47; 0.277;357;912; 0.391;132;391; 0.338;216;253; 0.854;32;316;348;369;170;46;17;44;171;1062
96;1629012; 'Collin Sexton'; 'Collin';1610612739; 'CLE'; 23.0;11;7;4; 0.636;68;151; 0.45;11;45; 0.244;29;39; 0.744;13;23;36;23;31;10;0;16;25;176
97;1630557; 'Corey Kispert'; 'Corey';1610612764; 'WAS'; 23.0;77;31;46; 0.403;234;514; 0.455;112;320; 0.35;54;62; 0.871;53;156;209;85;50;35;22;20;93;634
98;202709; 'Cory Joseph'; 'Cory';1610612765; 'DET'; 30.0;65;19;46; 0.292;178;400; 0.445;65;157; 0.414;100;113; 0.885;29;145;174;237;85;42;17;20;147;521
99;1628591; 'Craig Sword'; 'Craig';1610612764; 'WAS'; 28.0;3;1;2; 0.333;3;4; 0.75;0;1; 0.0;0;0; 0.0;0;0;0;1;1;4;0;0;7;6
100;1626156; D'Angelo Russell; D'Angelo;1610612750; 'MIN'; 26.0;65;39;26; 0.6;401;975; 0.411;176;518; 0.34;198;240; 0.825;25;191;216;460;165;62;22;27;130;1176
101;201571; 'D.J. Augustin'; 'D.J.';1610612747; 'LAL'; 34.0;55;15;40; 0.273;94;222; 0.423;68;164; 0.415;38;43; 0.884;11;57;68;107;56;17;1;10;39;294
102;1628391; 'D.J. Wilson'; 'D.J.';1610612761; 'TOR'; 26.0;4;2;2; 0.5;11;15; 0.733;0;2; 0.0;8;10; 0.8;1;15;16;5;2;5;1;1;6;30
103;1629610; 'DaQuan Jeffries'; 'DaQuan';1610612763; 'MEM'; 24.0;3;3;0; 1.0;1;2; 0.5;0;1; 0.0;0;0; 0.0;0;2;2;1;0;0;0;0;1;2
104;1630227; 'Daishen Nix'; 'Daishen';1610612745; 'HOU'; 20.0;24;3;21; 0.125;27;67; 0.403;7;26; 0.269;16;30; 0.533;7;26;33;40;26;15;0;8;21;77
105;1629751; 'Dakota Mathias'; 'Dakota';1610612763; 'MEM'; 26.0;6;5;1; 0.833;2;6; 0.333;2;6; 0.333;0;0; 0.0;0;2;2;1;0;1;0;0;1;6
106;1630625; 'Dalano Banton'; 'Dalano';1610612761; 'TOR'; 22.0;64;37;27; 0.578;83;202; 0.411;13;51; 0.255;26;44; 0.591;38;86;124;99;53;28;10;17;68;205
107;1627745; 'Damian Jones'; 'Damian';1610612758; 'SAC'; 27.0;56;19;37; 0.339;175;266; 0.658;10;29; 0.345;94;131; 0.718;75;171;246;69;59;26;47;18;130;454
108;203081; 'Damian Lillard'; 'Damian';1610612757; 'POR'; 31.0;29;12;17; 0.414;222;552; 0.402;92;284; 0.324;159;181; 0.878;13;107;120;212;83;17;11;22;37;695
109;1627814; 'Damion Lee'; 'Damion';1610612744; 'GSW'; 29.0;63;41;22; 0.651;169;383; 0.441;63;187; 0.337;66;75; 0.88;27;176;203;63;38;39;6;12;95;467
110;1628422; 'Damyean Dotson'; 'Damyean';1610612752; 'NYK'; 28.0;2;1;1; 0.5;2;4; 0.5;0;1; 0.0;0;0; 0.0;0;2;2;1;0;0;0;1;0;4
111;1629655; 'Daniel Gafford'; 'Daniel';1610612764; 'WAS'; 23.0;72;30;42; 0.417;285;411; 0.693;0;1; 0.0;107;153; 0.699;155;252;407;68;65;30;99;39;170;677
112;1630187; 'Daniel Oturu'; 'Daniel';1610612761; 'TOR'; 22.0;3;1;2; 0.333;3;6; 0.5;0;1; 0.0;3;5; 0.6;1;4;5;0;0;0;2;2;1;9
113;1628464; 'Daniel Theis'; 'Daniel';1610612738; 'BOS'; 30.0;47;20;27; 0.426;151;291; 0.519;33;107; 0.308;49;72; 0.681;59;169;228;41;46;20;31;12;111;384
114;201568; 'Danilo Gallinari'; 'Danilo';1610612737; 'ATL'; 33.0;66;35;31; 0.53;259;597; 0.434;112;294; 0.381;141;156; 0.904;35;273;308;101;38;28;12;12;93;771
115;201980; 'Danny Green'; 'Danny';1610612755; 'PHI'; 35.0;62;37;25; 0.597;126;320; 0.394;103;271; 0.38;11;14; 0.786;32;125;157;64;45;60;37;11;105;366
116;1627863; 'Danuel House Jr.'; 'Danuel';1610612762; 'UTA'; 29.0;42;18;24; 0.429;80;198; 0.404;44;117; 0.376;44;58; 0.759;18;93;111;44;33;21;17;12;51;248
117;1629647; 'Darius Bazley'; 'Darius';1610612760; 'OKC'; 22.0;69;19;50; 0.275;274;649; 0.422;80;269; 0.297;117;170; 0.688;71;365;436;97;90;58;70;76;68;745
118;1629636; 'Darius Garland'; 'Darius';1610612739; 'CLE'; 22.0;68;37;31; 0.544;542;1173; 0.462;174;454; 0.383;215;241; 0.892;39;185;224;583;248;89;7;51;115;1473
119;201954; 'Darren Collison'; 'Darren';1610612747; 'LAL'; 34.0;3;1;2; 0.333;2;7; 0.286;0;3; 0.0;0;0; 0.0;0;4;4;2;1;1;0;0;5;4
120;1630561; 'David Duke Jr.'; 'David';1610612751; 'BKN'; 22.0;22;10;12; 0.455;39;108; 0.361;9;37; 0.243;17;21; 0.81;30;37;67;17;9;14;7;11;36;104
121;1630525; 'David Johnson'; 'David';1610612761; 'TOR'; 21.0;2;2;0; 1.0;0;1; 0.0;0;1; 0.0;0;0; 0.0;0;0;0;0;0;0;0;0;0;0
122;1628021; 'David Nwaba'; 'David';1610612745; 'HOU'; 29.0;46;6;40; 0.13;85;176; 0.483;15;49; 0.306;48;67; 0.716;41;110;151;35;21;28;20;23;55;233
123;1630558; 'Davion Mitchell'; 'Davion';1610612758; 'SAC'; 23.0;75;28;47; 0.373;352;843; 0.418;101;320; 0.316;56;85; 0.659;33;133;166;313;114;55;24;41;141;861
124;202722; 'Davis Bertans'; 'Davis';1610612742; 'DAL'; 29.0;56;32;24; 0.571;99;275; 0.36;77;230; 0.335;36;40; 0.9;12;105;117;31;19;17;12;3;85;311
125;1628432; 'Davon Reed'; 'Davon';1610612743; 'DEN'; 27.0;48;29;19; 0.604;81;161; 0.503;37;86; 0.43;10;15; 0.667;14;94;108;53;16;24;9;4;63;209
126;1630549; Day'Ron Sharpe; Day'Ron;1610612751; 'BKN'; 20.0;32;12;20; 0.375;86;149; 0.577;2;7; 0.286;24;41; 0.585;81;79;160;17;30;10;15;14;60;198
127;1628368; De'Aaron Fox; De'Aaron;1610612758; 'SAC'; 24.0;59;22;37; 0.373;516;1092; 0.473;74;249; 0.297;261;348; 0.75;25;206;231;330;168;68;25;49;172;1367
128;1629631; De'Andre Hunter; De'Andre;1610612737; 'ATL'; 24.0;53;28;25; 0.528;254;575; 0.442;74;195; 0.379;127;166; 0.765;26;150;176;68;69;36;21;35;155;709
129;1629001; De'Anthony Melton; De'Anthony;1610612763; 'MEM'; 24.0;73;49;24; 0.671;281;695; 0.404;139;372; 0.374;90;120; 0.75;64;264;328;194;112;104;39;33;128;791
130;201599; 'DeAndre Jordan'; 'DeAndre';1610612755; 'PHI'; 33.0;48;26;22; 0.542;92;143; 0.643;0;0; 0.0;22;40; 0.55;83;181;264;21;37;12;35;6;71;206
131;1627761; DeAndre' Bembry; DeAndre';1610612749; 'MIL'; 27.0;56;31;25; 0.554;124;221; 0.561;15;36; 0.417;21;35; 0.6;42;121;163;66;31;49;25;22;113;284
132;1630610; 'DeJon Jarreau'; 'DeJon';1610612754; 'IND'; 24.0;1;0;1; 0.0;0;0; 0.0;0;0; 0.0;0;0; 0.0;0;0;0;0;0;0;0;0;0;0
133;201942; 'DeMar DeRozan'; 'DeMar';1610612741; 'CHI'; 32.0;76;43;33; 0.566;774;1535; 0.504;50;142; 0.352;520;593; 0.877;56;336;392;374;181;68;24;84;178;2118
134;202326; 'DeMarcus Cousins'; 'DeMarcus';1610612743; 'DEN'; 31.0;48;33;15; 0.688;149;324; 0.46;37;122; 0.303;95;125; 0.76;74;196;270;71;85;35;21;26;139;430
135;1629731; 'Dean Wade'; 'Dean';1610612739; 'CLE'; 25.0;51;27;24; 0.529;99;217; 0.456;51;142; 0.359;20;30; 0.667;31;119;150;52;16;29;7;6;88;269
136;1629028; 'Deandre Ayton'; 'Deandre';1610612756; 'PHX'; 23.0;58;46;12; 0.793;442;697; 0.634;7;19; 0.368;106;142; 0.746;149;444;593;84;91;40;40;37;142;997
137;1629686; 'Deividas Sirvydis'; 'Deividas';1610612765; 'DET'; 22.0;3;1;2; 0.333;1;10; 0.1;1;7; 0.143;0;0; 0.0;0;6;6;1;0;3;1;1;4;3
138;1627749; 'Dejounte Murray'; 'Dejounte';1610612759; 'SAS'; 25.0;68;30;38; 0.441;573;1241; 0.462;96;294; 0.327;196;247; 0.794;80;483;563;627;180;138;23;58;138;1438
139;1626153; 'Delon Wright'; 'Delon';1610612737; 'ATL'; 30.0;77;42;35; 0.545;122;269; 0.454;44;116; 0.379;54;63; 0.857;50;170;220;188;45;93;19;13;56;342
140;1630166; 'Deni Avdija'; 'Deni';1610612764; 'WAS'; 21.0;82;35;47; 0.427;250;579; 0.432;82;259; 0.317;103;136; 0.757;52;373;425;167;87;59;44;39;190;685
141;203471; 'Dennis Schroder'; 'Dennis';1610612745; 'HOU'; 28.0;64;32;32; 0.5;312;724; 0.431;86;250; 0.344;157;184; 0.853;34;180;214;296;143;53;8;51;154;867
142;1628372; 'Dennis Smith Jr.'; 'Dennis';1610612757; 'POR'; 24.0;37;15;22; 0.405;79;189; 0.418;6;27; 0.222;42;64; 0.656;20;68;88;132;51;45;12;20;52;206
143;1627756; 'Denzel Valentine'; 'Denzel';1610612762; 'UTA'; 28.0;24;14;10; 0.583;25;66; 0.379;19;47; 0.404;0;0; 0.0;9;33;42;11;12;8;0;1;20;69
144;202324; 'Derrick Favors'; 'Derrick';1610612760; 'OKC'; 30.0;39;15;24; 0.385;94;182; 0.516;2;16; 0.125;16;25; 0.64;58;126;184;25;9;17;12;7;62;206
145;1627884; 'Derrick Jones Jr.'; 'Derrick';1610612741; 'CHI'; 25.0;51;28;23; 0.549;105;195; 0.538;20;61; 0.328;56;70; 0.8;60;109;169;30;30;25;33;20;105;286
146;201565; 'Derrick Rose'; 'Derrick';1610612752; 'NYK'; 33.0;26;11;15; 0.423;122;274; 0.445;37;92; 0.402;30;31; 0.968;21;57;78;103;39;22;12;17;15;311
147;1628476; 'Derrick Walton Jr.'; 'Derrick';1610612765; 'DET'; 27.0;3;1;2; 0.333;6;26; 0.231;3;13; 0.231;4;4; 1.0;2;8;10;21;11;7;4;1;8;19
148;1628401; 'Derrick White'; 'Derrick';1610612738; 'BOS'; 27.0;75;40;35; 0.533;337;800; 0.421;115;369; 0.312;203;235; 0.864;38;223;261;366;119;64;58;29;172;992
149;1630217; 'Desmond Bane'; 'Desmond';1610612763; 'MEM'; 24.0;76;53;23; 0.697;508;1101; 0.461;228;523; 0.436;140;155; 0.903;46;288;334;208;111;92;29;68;196;1384
150;1626164; 'Devin Booker'; 'Devin';1610612756; 'PHX'; 25.0;68;56;12; 0.824;662;1421; 0.466;183;478; 0.383;315;363; 0.868;45;297;342;329;162;77;26;59;180;1822
151;1629962; 'Devin Cannady'; 'Devin';1610612753; 'ORL'; 26.0;5;2;3; 0.4;15;44; 0.341;15;37; 0.405;5;7; 0.714;1;5;6;10;5;5;3;3;9;50
152;1630170; 'Devin Vassell'; 'Devin';1610612759; 'SAS'; 21.0;71;29;42; 0.408;326;764; 0.427;137;380; 0.361;83;99; 0.838;44;262;306;136;58;76;41;26;143;872
153;1629653; 'Devon Dotson'; 'Devon';1610612741; 'CHI'; 22.0;11;5;6; 0.455;11;23; 0.478;2;9; 0.222;5;9; 0.556;1;8;9;15;5;1;0;2;11;29
154;1629719; 'Devontae Cacok'; 'Devontae';1610612759; 'SAS'; 25.0;15;5;10; 0.333;21;31; 0.677;0;0; 0.0;4;7; 0.571;8;34;42;6;3;8;7;2;16;46
155;1628984; Devonte' Graham; Devonte';1610612740; 'NOP'; 27.0;76;34;42; 0.447;296;815; 0.363;192;563; 0.341;118;140; 0.843;37;140;177;316;105;71;12;23;95;902
156;203473; 'Dewayne Dedmon'; 'Dewayne';1610612748; 'MIA'; 32.0;67;43;24; 0.642;164;290; 0.566;19;47; 0.404;75;100; 0.75;105;281;386;47;70;24;42;23;174;422
157;1629712; 'Didi Louzada'; 'Didi';1610612757; 'POR'; 22.0;9;0;9; 0.0;12;33; 0.364;9;23; 0.391;2;2; 1.0;5;12;17;5;5;2;2;3;13;35
158;1628415; 'Dillon Brooks'; 'Dillon';1610612763; 'MEM'; 26.0;32;22;10; 0.688;227;526; 0.432;46;149; 0.309;90;106; 0.849;29;73;102;88;50;36;8;27;105;590
159;1627734; 'Domantas Sabonis'; 'Domantas';1610612758; 'SAC'; 26.0;62;21;41; 0.339;443;773; 0.573;39;125; 0.312;246;332; 0.741;201;551;752;323;195;59;27;46;203;1171
160;1628378; 'Donovan Mitchell'; 'Donovan';1610612762; 'UTA'; 25.0;67;41;26; 0.612;617;1376; 0.448;232;654; 0.355;267;313; 0.853;55;227;282;358;200;99;12;47;164;1733
161;1628978; 'Donte DiVincenzo'; 'Donte';1610612758; 'SAC'; 25.0;42;21;21; 0.5;118;336; 0.351;74;218; 0.339;70;83; 0.843;40;130;170;118;72;48;8;11;69;380
162;1627827; 'Dorian Finney-Smith'; 'Dorian';1610612742; 'DAL'; 29.0;80;51;29; 0.638;326;692; 0.471;172;435; 0.395;56;83; 0.675;122;253;375;150;80;88;39;24;183;880
163;203926; 'Doug McDermott'; 'Doug';1610612759; 'SAS'; 30.0;51;21;30; 0.412;215;465; 0.462;108;256; 0.422;40;51; 0.784;18;97;115;64;43;13;6;23;79;578
164;203110; 'Draymond Green'; 'Draymond';1610612744; 'GSW'; 32.0;46;34;12; 0.739;135;257; 0.525;16;54; 0.296;60;91; 0.659;45;291;336;320;139;61;50;15;136;346
165;1629234; 'Drew Eubanks'; 'Drew';1610612757; 'POR'; 25.0;71;19;52; 0.268;221;371; 0.596;5;23; 0.217;99;130; 0.762;130;252;382;85;81;31;40;26;122;546
166;1630613; 'Duane Washington Jr.'; 'Duane';1610612754; 'IND'; 22.0;48;12;36; 0.25;173;427; 0.405;81;215; 0.377;46;61; 0.754;4;79;83;85;57;26;3;29;66;473
167;1629130; 'Duncan Robinson'; 'Duncan';1610612748; 'MIA'; 28.0;79;52;27; 0.658;290;726; 0.399;232;624; 0.372;51;61; 0.836;24;179;203;129;60;42;14;19;201;863
168;2730; 'Dwight Howard'; 'Dwight';1610612747; 'LAL'; 36.0;60;21;39; 0.35;134;219; 0.612;8;15; 0.533;96;146; 0.658;118;238;356;35;47;34;36;22;115;372
169;203939; 'Dwight Powell'; 'Dwight';1610612742; 'DAL'; 30.0;82;52;30; 0.634;269;401; 0.671;13;37; 0.351;166;212; 0.783;173;231;404;97;64;37;39;25;220;717
170;1629685; 'Dylan Windler'; 'Dylan';1610612739; 'CLE'; 25.0;50;28;22; 0.56;37;98; 0.378;21;70; 0.3;15;18; 0.833;21;68;89;34;16;14;3;4;47;110
171;202334; 'Ed Davis'; 'Ed';1610612739; 'CLE'; 33.0;31;15;16; 0.484;11;16; 0.688;0;0; 0.0;6;14; 0.429;14;50;64;7;5;3;9;1;33;28
172;203901; 'Elfrid Payton'; 'Elfrid';1610612756; 'PHX'; 28.0;50;39;11; 0.78;67;175; 0.383;4;18; 0.222;12;32; 0.375;21;67;88;99;47;25;6;28;38;150
173;1630190; 'Elijah Hughes'; 'Elijah';1610612757; 'POR'; 24.0;36;15;21; 0.417;47;144; 0.326;25;95; 0.263;7;9; 0.778;6;52;58;22;17;14;8;3;39;126
174;1629150; 'Emanuel Terry'; 'Emanuel';1610612756; 'PHX'; 25.0;3;2;1; 0.667;0;5; 0.0;0;0; 0.0;0;0; 0.0;8;7;15;2;5;1;0;0;4;0
175;1626144; 'Emmanuel Mudiay'; 'Emmanuel';1610612758; 'SAC'; 26.0;2;0;2; 0.0;0;2; 0.0;0;0; 0.0;3;4; 0.75;0;0;0;4;1;1;0;0;1;3
176;202683; 'Enes Freedom'; 'Enes';1610612738; 'BOS'; 30.0;35;20;15; 0.571;51;97; 0.526;2;5; 0.4;24;28; 0.857;61;99;160;8;20;5;14;16;42;128
177;202339; 'Eric Bledsoe'; 'Eric';1610612757; 'POR'; 32.0;54;27;27; 0.5;197;468; 0.421;51;163; 0.313;89;117; 0.761;28;154;182;225;116;69;19;19;85;534
178;201569; 'Eric Gordon'; 'Eric';1610612745; 'HOU'; 33.0;57;19;38; 0.333;268;564; 0.475;124;301; 0.412;105;135; 0.778;15;98;113;154;107;28;18;25;63;765
179;1629672; 'Eric Paschall'; 'Eric';1610612762; 'UTA'; 25.0;58;36;22; 0.621;114;235; 0.485;40;108; 0.37;66;86; 0.767;30;76;106;36;27;9;5;22;51;334
180;1630647; 'Eugene Omoruyi'; 'Eugene';1610612742; 'DAL'; 25.0;4;1;3; 0.25;2;5; 0.4;1;2; 0.5;2;4; 0.5;2;5;7;2;0;0;0;0;2;7
181;203095; 'Evan Fournier'; 'Evan';1610612752; 'NYK'; 29.0;80;36;44; 0.45;402;965; 0.417;241;619; 0.389;80;113; 0.708;34;176;210;171;105;79;20;31;180;1125
182;1630596; 'Evan Mobley'; 'Evan';1610612739; 'CLE'; 21.0;69;40;29; 0.58;422;830; 0.508;23;92; 0.25;167;252; 0.663;143;427;570;174;133;56;115;50;147;1034
183;1630267; 'Facundo Campazzo'; 'Facundo';1610612743; 'DEN'; 31.0;65;38;27; 0.585;107;296; 0.361;58;193; 0.301;60;78; 0.769;23;94;117;220;67;63;23;9;124;332
184;1630624; 'Feron Hunt'; 'Feron';1610612752; 'NYK'; 22.0;2;2;0; 1.0;0;2; 0.0;0;0; 0.0;0;0; 0.0;1;0;1;1;1;1;0;0;1;0
185;1628402; 'Frank Jackson'; 'Frank';1610612765; 'DET'; 24.0;53;9;44; 0.17;194;483; 0.402;86;279; 0.308;86;104; 0.827;19;68;87;55;38;27;9;25;89;560
186;1626163; 'Frank Kaminsky'; 'Frank';1610612756; 'PHX'; 29.0;9;8;1; 0.889;36;66; 0.545;5;15; 0.333;18;20; 0.9;11;30;41;13;5;8;7;3;14;95
187;1628373; 'Frank Ntilikina'; 'Frank';1610612742; 'DAL'; 23.0;58;34;24; 0.586;89;223; 0.399;38;111; 0.342;24;25; 0.96;12;67;79;69;31;27;7;10;61;240
188;1630532; 'Franz Wagner'; 'Franz';1610612753; 'ORL'; 20.0;79;21;58; 0.266;456;975; 0.468;96;271; 0.354;189;219; 0.863;84;272;356;231;119;68;34;85;164;1197
189;1627832; 'Fred VanVleet'; 'Fred';1610612761; 'TOR'; 28.0;65;39;26; 0.6;442;1097; 0.403;242;642; 0.377;194;222; 0.874;44;245;289;434;170;111;35;51;162;1320
190;1630273; 'Freddie Gillespie'; 'Freddie';1610612753; 'ORL'; 25.0;9;1;8; 0.111;9;22; 0.409;0;1; 0.0;3;7; 0.429;13;23;36;5;5;3;9;5;18;21
191;1627788; 'Furkan Korkmaz'; 'Furkan';1610612755; 'PHI'; 24.0;67;44;23; 0.657;182;470; 0.387;77;266; 0.289;68;84; 0.81;22;153;175;127;48;33;9;18;58;509
192;1629216; 'Gabe Vincent'; 'Gabe';1610612748; 'MIA'; 26.0;68;47;21; 0.691;214;513; 0.417;119;323; 0.368;44;54; 0.815;22;104;126;210;98;62;12;19;158;591
193;1628221; 'Gabe York'; 'Gabe';1610612754; 'IND'; 28.0;2;0;2; 0.0;2;7; 0.286;1;6; 0.167;3;5; 0.6;0;2;2;4;1;2;1;0;4;8
194;1630466; 'Gabriel Deck'; 'Gabriel';1610612760; 'OKC'; 27.0;7;2;5; 0.286;8;14; 0.571;2;4; 0.5;0;0; 0.0;1;5;6;5;2;1;0;0;2;18
195;1630994; 'Gabriel Lundberg'; 'Gabriel';1610612756; 'PHX'; 27.0;4;1;3; 0.25;5;19; 0.263;3;8; 0.375;0;0; 0.0;2;5;7;11;3;3;0;2;7;13
196;202066; 'Garrett Temple'; 'Garrett';1610612740; 'NOP'; 36.0;59;23;36; 0.39;111;295; 0.376;59;185; 0.319;28;41; 0.683;29;114;143;74;42;43;23;13;81;309
197;1629726; 'Garrison Mathews'; 'Garrison';1610612745; 'HOU'; 25.0;65;19;46; 0.292;184;461; 0.399;139;386; 0.36;143;180; 0.794;32;158;190;64;41;57;24;16;168;650
198;1629109; 'Gary Clark'; 'Gary';1610612740; 'NOP'; 27.0;38;20;18; 0.526;33;88; 0.375;28;70; 0.4;7;10; 0.7;23;67;90;18;10;13;7;6;20;101
199;203914; 'Gary Harris'; 'Gary';1610612753; 'ORL'; 27.0;61;16;45; 0.262;240;553; 0.434;116;302; 0.384;83;95; 0.874;36;86;122;108;61;59;9;30;112;679
200;1627780; 'Gary Payton II'; 'Gary';1610612744; 'GSW'; 29.0;71;47;24; 0.662;212;344; 0.616;43;120; 0.358;35;58; 0.603;72;175;247;64;40;96;22;9;131;502
201;1629018; 'Gary Trent Jr.'; 'Gary';1610612761; 'TOR'; 23.0;70;44;26; 0.629;450;1086; 0.414;209;545; 0.383;174;204; 0.853;26;165;191;141;73;122;19;44;144;1283
202;201588; 'George Hill'; 'George';1610612749; 'MIL'; 36.0;54;36;18; 0.667;118;275; 0.429;41;134; 0.306;57;62; 0.919;38;117;155;120;41;42;6;15;70;334
203;1628994; 'George King'; 'George';1610612742; 'DAL'; 28.0;4;2;2; 0.5;0;5; 0.0;0;4; 0.0;1;2; 0.5;0;5;5;0;1;0;0;1;4;1
204;1627777; 'Georges Niang'; 'Georges';1610612755; 'PHI'; 29.0;76;48;28; 0.632;246;563; 0.437;156;387; 0.403;52;59; 0.881;25;178;203;102;59;30;13;27;190;700
205;1630686; 'Georgios Kalaitzakis'; 'Georgios';1610612760; 'OKC'; 23.0;13;8;5; 0.615;31;67; 0.463;10;26; 0.385;14;30; 0.467;6;15;21;12;20;11;2;0;19;86
206;203507; 'Giannis Antetokounmpo'; 'Giannis';1610612749; 'MIL'; 27.0;67;45;22; 0.672;689;1245; 0.553;71;242; 0.293;553;766; 0.722;134;644;778;388;219;72;91;63;212;2002
207;1629048; 'Goga Bitadze'; 'Goga';1610612754; 'IND'; 22.0;50;17;33; 0.34;131;252; 0.52;23;80; 0.288;64;94; 0.681;79;98;177;55;46;21;42;24;107;349
208;201609; 'Goran Dragic'; 'Goran';1610612751; 'BKN'; 36.0;21;10;11; 0.476;57;151; 0.377;16;63; 0.254;27;33; 0.818;13;52;65;86;34;19;4;9;45;157
209;202330; 'Gordon Hayward'; 'Gordon';1610612766; 'CHA'; 32.0;49;26;23; 0.531;283;617; 0.459;86;220; 0.391;126;149; 0.846;38;186;224;177;81;47;22;27;85;778
210;203476; 'Gorgui Dieng'; 'Gorgui';1610612737; 'ATL'; 32.0;44;23;21; 0.523;53;112; 0.473;29;68; 0.426;19;26; 0.731;32;89;121;34;20;11;13;5;52;154
211;1629684; 'Grant Williams'; 'Grant';1610612738; 'BOS'; 23.0;77;49;28; 0.636;205;432; 0.475;106;258; 0.411;86;95; 0.905;64;210;274;78;62;38;57;18;186;602
212;1628960; 'Grayson Allen'; 'Grayson';1610612749; 'MIL'; 26.0;66;43;23; 0.652;255;569; 0.448;159;389; 0.409;64;74; 0.865;32;190;222;100;43;46;18;25;96;733
213;1630535; 'Greg Brown III'; 'Greg';1610612757; 'POR'; 20.0;48;14;34; 0.292;81;190; 0.426;19;61; 0.311;44;65; 0.677;38;97;135;35;36;26;24;18;90;225
214;202328; 'Greg Monroe'; 'Greg';1610612750; 'MIN'; 32.0;14;7;7; 0.5;32;57; 0.561;0;0; 0.0;12;23; 0.522;30;34;64;22;12;8;10;10;24;76
215;1628977; 'Hamidou Diallo'; 'Hamidou';1610612765; 'DET'; 23.0;58;14;44; 0.241;261;526; 0.496;23;93; 0.247;91;140; 0.65;69;208;277;73;58;71;17;25;143;636
216;203084; 'Harrison Barnes'; 'Harrison';1610612758; 'SAC'; 30.0;77;27;50; 0.351;391;834; 0.469;142;360; 0.394;341;413; 0.826;82;350;432;186;118;53;14;48;94;1265
217;202355; 'Hassan Whiteside'; 'Hassan';1610612762; 'UTA'; 33.0;65;40;25; 0.615;215;330; 0.652;0;0; 0.0;104;167; 0.623;166;328;494;26;53;22;103;30;179;534
218;1629755; 'Hassani Gravett'; 'Hassani';1610612753; 'ORL'; 25.0;8;2;6; 0.25;18;38; 0.474;11;26; 0.423;3;4; 0.75;1;20;21;20;9;5;1;3;13;50
219;1629312; 'Haywood Highsmith'; 'Haywood';1610612748; 'MIA'; 25.0;19;13;6; 0.684;16;46; 0.348;9;28; 0.321;2;5; 0.4;10;16;26;6;3;2;3;3;13;43
220;1630529; 'Herbert Jones'; 'Herbert';1610612740; 'NOP'; 23.0;78;36;42; 0.462;274;576; 0.476;57;169; 0.337;137;163; 0.84;98;198;296;167;100;130;60;55;238;742
221;1629649; 'Ignas Brazdeikis'; 'Ignas';1610612753; 'ORL'; 23.0;42;9;33; 0.214;81;188; 0.431;27;87; 0.31;21;32; 0.656;23;49;72;37;17;10;3;12;48;210
222;1630193; 'Immanuel Quickley'; 'Immanuel';1610612752; 'NYK'; 23.0;78;35;43; 0.449;284;724; 0.392;137;396; 0.346;177;201; 0.881;31;216;247;275;99;54;3;33;167;882
223;1629067; 'Isaac Bonga'; 'Isaac';1610612761; 'TOR'; 22.0;15;9;6; 0.6;3;13; 0.231;1;4; 0.25;5;8; 0.625;4;3;7;4;2;8;2;2;10;12
224;1630171; 'Isaac Okoro'; 'Isaac';1610612739; 'CLE'; 21.0;67;34;33; 0.507;207;431; 0.48;55;157; 0.35;119;155; 0.768;72;129;201;121;58;56;22;31;164;588
225;1628392; 'Isaiah Hartenstein'; 'Isaiah';1610612746; 'LAC'; 24.0;68;37;31; 0.544;229;366; 0.626;14;30; 0.467;91;132; 0.689;117;215;332;160;84;50;77;18;167;563
226;1630543; 'Isaiah Jackson'; 'Isaiah';1610612754; 'IND'; 20.0;36;9;27; 0.25;116;206; 0.563;5;16; 0.313;60;88; 0.682;60;89;149;10;40;25;52;9;92;297
227;1630198; 'Isaiah Joe'; 'Isaiah';1610612755; 'PHI'; 22.0;55;35;20; 0.636;62;177; 0.35;45;135; 0.333;29;31; 0.935;6;50;56;35;19;14;3;6;47;198
228;1630587; 'Isaiah Livers'; 'Isaiah';1610612765; 'DET'; 23.0;19;8;11; 0.421;41;90; 0.456;27;64; 0.422;12;14; 0.857;15;42;57;21;15;13;7;3;37;121
229;1629676; 'Isaiah Roby'; 'Isaiah';1610612760; 'OKC'; 24.0;45;10;35; 0.222;166;323; 0.514;44;99; 0.444;78;116; 0.672;75;142;217;71;43;36;34;24;109;454
230;1630191; 'Isaiah Stewart'; 'Isaiah';1610612765; 'DET'; 21.0;71;21;50; 0.296;250;490; 0.51;15;46; 0.326;74;103; 0.718;226;391;617;82;85;22;78;39;211;589
231;202738; 'Isaiah Thomas'; 'Isaiah';1610612766; 'CHA'; 33.0;22;12;10; 0.545;67;167; 0.401;28;83; 0.337;22;26; 0.846;4;25;29;34;15;7;5;8;34;184
232;1630225; 'Isaiah Todd'; 'Isaiah';1610612764; 'WAS'; 20.0;12;1;11; 0.083;7;26; 0.269;4;16; 0.25;2;6; 0.333;3;9;12;4;4;4;2;3;4;20
233;202397; 'Ish Smith'; 'Ish';1610612764; 'WAS'; 33.0;65;27;38; 0.415;185;430; 0.43;25;67; 0.373;15;24; 0.625;25;115;140;244;78;47;23;21;78;410
234;1630688; 'Ish Wainright'; 'Ish';1610612756; 'PHX'; 27.0;45;36;9; 0.8;41;104; 0.394;19;59; 0.322;7;12; 0.583;27;27;54;15;13;20;6;7;49;108
235;1627826; 'Ivica Zubac'; 'Ivica';1610612746; 'LAC'; 25.0;76;40;36; 0.526;310;495; 0.626;0;0; 0.0;165;227; 0.727;217;427;644;120;114;36;77;43;203;785
236;1630550; 'JT Thor'; 'JT';1610612766; 'CHA'; 19.0;33;18;15; 0.545;24;55; 0.436;7;27; 0.259;12;20; 0.6;11;32;43;19;10;8;11;2;26;67
237;1629630; 'Ja Morant'; 'Ja';1610612763; 'MEM'; 22.0;57;36;21; 0.632;580;1177; 0.493;88;256; 0.344;316;415; 0.761;77;248;325;384;196;66;22;95;86;1564
238;203210; 'JaMychal Green'; 'JaMychal';1610612743; 'DEN'; 32.0;67;36;31; 0.537;159;327; 0.486;33;124; 0.266;81;93; 0.871;81;200;281;59;57;43;26;31;158;432
239;1630605; 'JaQuori McLaughlin'; 'JaQuori';1610612742; 'DAL'; 24.0;4;2;2; 0.5;0;2; 0.0;0;1; 0.0;0;0; 0.0;0;0;0;2;0;0;0;0;1;0
240;201580; 'JaVale McGee'; 'JaVale';1610612756; 'PHX'; 34.0;74;57;17; 0.77;288;458; 0.629;2;9; 0.222;102;146; 0.699;163;333;496;42;98;22;81;20;181;680
241;203953; 'Jabari Parker'; 'Jabari';1610612738; 'BOS'; 27.0;12;4;8; 0.333;18;38; 0.474;8;16; 0.5;9;9; 1.0;5;23;28;6;8;4;1;2;13;53
242;1630183; 'Jaden McDaniels'; 'Jaden';1610612750; 'MIN'; 21.0;70;40;30; 0.571;255;554; 0.46;80;252; 0.317;57;71; 0.803;76;217;293;79;75;52;54;29;224;647
243;1630531; 'Jaden Springer'; 'Jaden';1610612755; 'PHI'; 19.0;2;2;0; 1.0;1;1; 1.0;0;0; 0.0;0;0; 0.0;1;1;2;0;1;0;2;0;0;2
244;203109; 'Jae Crowder'; 'Jae';1610612756; 'PHX'; 31.0;67;54;13; 0.806;217;544; 0.399;127;365; 0.348;71;90; 0.789;30;324;354;124;55;95;30;6;173;632
245;1630256; Jae'Sean Tate; Jae'Sean;1610612745; 'HOU'; 26.0;78;19;59; 0.244;363;729; 0.498;63;202; 0.312;130;184; 0.707;135;285;420;222;139;72;41;56;286;919
246;1630186; Jahmi'us Ramsey; Jahmi'us;1610612758; 'SAC'; 21.0;19;2;17; 0.105;24;58; 0.414;5;18; 0.278;7;14; 0.5;4;9;13;7;5;1;1;3;10;60
247;1630693; 'Jaime Echenique'; 'Jaime';1610612764; 'WAS'; 25.0;1;1;0; 1.0;0;0; 0.0;0;0; 0.0;0;0; 0.0;0;0;0;0;0;0;0;0;0;0
248;1627774; 'Jake Layman'; 'Jake';1610612750; 'MIN'; 28.0;34;20;14; 0.588;30;73; 0.411;8;35; 0.229;13;18; 0.722;6;30;36;9;10;7;5;4;12;81
249;1627751; 'Jakob Poeltl'; 'Jakob';1610612759; 'SAS'; 26.0;68;30;38; 0.441;410;663; 0.618;1;1; 1.0;94;190; 0.495;262;372;634;189;109;45;118;39;212;915
250;1628973; 'Jalen Brunson'; 'Jalen';1610612742; 'DAL'; 25.0;79;50;29; 0.633;506;1008; 0.502;94;252; 0.373;179;213; 0.84;43;266;309;377;124;66;3;38;151;1285
251;1630224; 'Jalen Green'; 'Jalen';1610612745; 'HOU'; 20.0;67;12;55; 0.179;406;954; 0.426;157;458; 0.343;188;236; 0.797;33;193;226;176;135;44;18;91;103;1157
252;1630552; 'Jalen Johnson'; 'Jalen';1610612737; 'ATL'; 20.0;22;14;8; 0.636;22;41; 0.537;3;13; 0.231;5;7; 0.714;2;24;26;3;9;3;2;2;9;52
253;1629667; 'Jalen McDaniels'; 'Jalen';1610612766; 'CHA'; 24.0;55;34;21; 0.618;123;254; 0.484;41;108; 0.38;53;72; 0.736;37;133;170;58;36;26;22;5;93;340
254;1630188; 'Jalen Smith'; 'Jalen';1610612754; 'IND'; 22.0;51;29;22; 0.569;176;350; 0.503;40;122; 0.328;78;102; 0.765;101;206;307;24;42;15;41;12;96;470
255;1630591; 'Jalen Suggs'; 'Jalen';1610612753; 'ORL'; 21.0;48;16;32; 0.333;198;548; 0.361;42;196; 0.214;126;163; 0.773;26;145;171;209;143;59;19;48;142;564
256;1630547; 'James Bouknight'; 'James';1610612766; 'CHA'; 21.0;31;15;16; 0.484;49;141; 0.348;17;49; 0.347;27;31; 0.871;22;30;52;26;15;7;1;17;29;142
257;203516; 'James Ennis III'; 'James';1610612743; 'DEN'; 31.0;7;3;4; 0.429;11;24; 0.458;3;8; 0.375;4;5; 0.8;5;7;12;3;2;2;2;1;5;29
258;201935; 'James Harden'; 'James';1610612755; 'PHI'; 32.0;65;40;25; 0.615;407;992; 0.41;148;448; 0.33;470;536; 0.877;55;445;500;667;284;82;36;93;153;1432
259;201949; 'James Johnson'; 'James';1610612751; 'BKN'; 35.0;62;30;32; 0.484;144;307; 0.469;23;85; 0.271;29;55; 0.527;51;164;215;130;48;30;34;19;162;340
260;1630691; 'Jamorko Pickett'; 'Jamorko';1610612765; 'DET'; 24.0;13;4;9; 0.308;18;50; 0.36;13;39; 0.333;1;2; 0.5;6;26;32;7;5;0;7;1;12;50
261;1630215; 'Jared Butler'; 'Jared';1610612762; 'UTA'; 21.0;42;31;11; 0.738;61;151; 0.404;28;88; 0.318;11;16; 0.688;5;40;45;63;33;17;8;5;47;161
262;1629607; 'Jared Harper'; 'Jared';1610612740; 'NOP'; 24.0;5;2;3; 0.4;14;26; 0.538;5;12; 0.417;4;4; 1.0;2;0;2;14;2;4;1;1;5;37
263;1628991; 'Jaren Jackson Jr.'; 'Jaren';1610612763; 'MEM'; 22.0;78;53;25; 0.679;430;1036; 0.415;128;401; 0.319;284;345; 0.823;119;335;454;86;130;73;177;98;272;1272
264;1629020; 'Jarred Vanderbilt'; 'Jarred';1610612750; 'MIN'; 23.0;74;41;33; 0.554;212;361; 0.587;2;14; 0.143;86;131; 0.656;215;409;624;94;73;99;46;41;181;512
265;1628386; 'Jarrett Allen'; 'Jarrett';1610612739; 'CLE'; 24.0;56;35;21; 0.625;369;545; 0.677;1;10; 0.1;165;233; 0.708;192;410;602;92;94;44;75;36;97;904
266;1629633; 'Jarrett Culver'; 'Jarrett';1610612763; 'MEM'; 23.0;37;28;9; 0.757;51;135; 0.378;12;47; 0.255;16;34; 0.471;13;35;48;33;20;20;5;9;42;130
267;1629600; 'Jarron Cumberland'; 'Jarron';1610612757; 'POR'; 24.0;3;0;3; 0.0;1;2; 0.5;0;1; 0.0;0;0; 0.0;1;2;3;1;0;0;0;0;2;2
268;1629602; 'Javin DeLaurier'; 'Javin';1610612749; 'MIL'; 24.0;1;1;0; 1.0;0;0; 0.0;0;0; 0.0;0;0; 0.0;0;1;1;0;0;1;0;0;1;0
269;1629750; 'Javonte Green'; 'Javonte';1610612741; 'CHI'; 28.0;65;38;27; 0.585;176;325; 0.542;36;101; 0.356;80;96; 0.833;91;185;276;60;30;67;32;17;132;468
270;1630606; 'Javonte Smart'; 'Javonte';1610612748; 'MIA'; 23.0;17;11;6; 0.647;19;60; 0.317;8;27; 0.296;5;6; 0.833;5;19;24;16;11;6;3;8;12;51
271;1629637; 'Jaxson Hayes'; 'Jaxson';1610612740; 'NOP'; 22.0;70;29;41; 0.414;245;398; 0.616;20;57; 0.351;144;188; 0.766;115;200;315;43;54;33;55;19;155;654
272;1630643; 'Jay Huff'; 'Jay';1610612747; 'LAL'; 24.0;4;0;4; 0.0;0;3; 0.0;0;2; 0.0;0;0; 0.0;1;3;4;1;1;1;1;0;1;0
273;1630206; 'Jay Scrubb'; 'Jay';1610612746; 'LAC'; 21.0;18;8;10; 0.444;18;46; 0.391;6;21; 0.286;7;10; 0.7;2;14;16;8;7;4;3;0;9;49
274;1627759; 'Jaylen Brown'; 'Jaylen';1610612738; 'BOS'; 25.0;66;43;23; 0.652;576;1217; 0.473;166;464; 0.358;241;318; 0.758;53;351;404;231;178;70;18;96;163;1559
275;1629658; 'Jaylen Hoard'; 'Jaylen';1610612760; 'OKC'; 23.0;7;2;5; 0.286;44;90; 0.489;9;25; 0.36;6;14; 0.429;30;54;84;17;8;6;5;10;14;103
276;1628537; 'Jaylen Morris'; 'Jaylen';1610612759; 'SAS'; 26.0;3;0;3; 0.0;0;6; 0.0;0;2; 0.0;2;4; 0.5;0;2;2;2;1;0;0;1;2;2
277;1629669; 'Jaylen Nowell'; 'Jaylen';1610612750; 'MIN'; 22.0;62;37;25; 0.597;196;413; 0.475;63;160; 0.394;72;92; 0.783;22;101;123;130;36;27;10;16;73;527
278;1629873; 'Jaysean Paige'; 'Jaysean';1610612765; 'DET'; 27.0;1;1;0; 1.0;0;3; 0.0;0;2; 0.0;0;0; 0.0;0;1;1;1;1;0;0;0;2;0
279;1628369; 'Jayson Tatum'; 'Jayson';1610612738; 'BOS'; 24.0;76;49;27; 0.645;708;1564; 0.453;230;651; 0.353;400;469; 0.853;85;524;609;334;217;75;49;83;174;2046
280;1630288; 'Jeff Dowtin Jr.'; 'Jeff';1610612753; 'ORL'; 25.0;9;4;5; 0.444;8;26; 0.308;1;9; 0.111;2;2; 1.0;8;10;18;10;5;5;1;0;5;19
281;201145; 'Jeff Green'; 'Jeff';1610612743; 'DEN'; 35.0;75;44;31; 0.587;277;529; 0.524;53;168; 0.315;165;198; 0.833;41;190;231;96;71;28;27;26;151;772
282;1629203; 'Jemerrio Jones'; 'Jemerrio';1610612747; 'LAL'; 27.0;2;0;2; 0.0;2;3; 0.667;0;0; 0.0;0;0; 0.0;2;1;3;0;0;1;0;0;2;4
283;203924; 'Jerami Grant'; 'Jerami';1610612765; 'DET'; 28.0;47;11;36; 0.234;298;699; 0.426;91;254; 0.358;217;259; 0.838;28;163;191;111;85;44;49;30;107;904
284;1630526; 'Jeremiah Robinson-Earl'; 'Jeremiah';1610612760; 'OKC'; 21.0;49;15;34; 0.306;134;324; 0.414;58;165; 0.352;40;54; 0.741;75;199;274;49;39;29;15;25;75;366
285;203087; 'Jeremy Lamb'; 'Jeremy';1610612758; 'SAC'; 30.0;56;23;33; 0.411;133;347; 0.383;55;170; 0.324;89;106; 0.84;26;128;154;81;37;31;22;10;59;410
286;1630579; 'Jericho Sims'; 'Jericho';1610612752; 'NYK'; 23.0;41;19;22; 0.463;39;54; 0.722;0;0; 0.0;12;29; 0.414;61;108;169;21;20;11;22;1;66;90
287;1628975; 'Jevon Carter'; 'Jevon';1610612749; 'MIL'; 26.0;66;39;27; 0.591;98;253; 0.387;66;170; 0.388;15;18; 0.833;14;96;110;96;34;24;14;6;67;277
288;202710; 'Jimmy Butler'; 'Jimmy';1610612748; 'MIA'; 32.0;57;38;19; 0.667;398;829; 0.48;27;116; 0.233;396;455; 0.87;102;234;336;312;121;94;27;36;88;1219
289;1629111; 'Jock Landale'; 'Jock';1610612759; 'SAS'; 26.0;54;24;30; 0.444;101;204; 0.495;29;89; 0.326;34;41; 0.829;63;75;138;45;31;10;14;12;53;265
290;203925; 'Joe Harris'; 'Joe';1610612751; 'BKN'; 30.0;14;10;4; 0.714;56;124; 0.452;41;88; 0.466;5;6; 0.833;5;51;56;14;16;7;2;6;31;158
291;204060; 'Joe Ingles'; 'Joe';1610612757; 'POR'; 34.0;45;28;17; 0.622;115;285; 0.404;78;225; 0.347;17;22; 0.773;12;119;131;158;46;23;5;8;82;325
292;2207; 'Joe Johnson'; 'Joe';1610612738; 'BOS'; 41.0;1;1;0; 1.0;1;1; 1.0;0;0; 0.0;0;0; 0.0;0;0;0;0;0;0;0;0;0;2
293;1630580; 'Joe Wieskamp'; 'Joe';1610612759; 'SAS'; 22.0;29;11;18; 0.379;20;56; 0.357;14;43; 0.326;7;13; 0.538;4;10;14;9;2;4;3;2;14;61
294;1630555; 'Joel Ayayi'; 'Joel';1610612764; 'WAS'; 22.0;7;1;6; 0.143;1;6; 0.167;0;1; 0.0;0;0; 0.0;1;2;3;4;0;0;0;2;0;2
295;203954; 'Joel Embiid'; 'Joel';1610612755; 'PHI'; 28.0;68;45;23; 0.662;666;1334; 0.499;93;251; 0.371;654;803; 0.814;146;650;796;284;214;77;99;82;181;2079
296;1628381; 'John Collins'; 'John';1610612737; 'ATL'; 24.0;54;26;28; 0.481;339;644; 0.526;64;176; 0.364;134;169; 0.793;93;329;422;98;60;33;56;38;164;876
297;1629723; 'John Konchar'; 'John';1610612763; 'MEM'; 26.0;72;48;24; 0.667;135;262; 0.515;52;126; 0.413;27;49; 0.551;87;242;329;109;29;45;22;4;90;349
298;1630257; 'Jon Teske'; 'Jon';1610612763; 'MEM'; 25.0;3;3;0; 1.0;0;1; 0.0;0;0; 0.0;0;2; 0.0;0;2;2;1;0;1;0;0;1;0
299;202685; 'Jonas Valanciunas'; 'Jonas';1610612740; 'NOP'; 30.0;74;34;40; 0.459;510;938; 0.544;57;158; 0.361;237;289; 0.82;226;617;843;190;179;41;60;41;247;1314
300;1630228; 'Jonathan Kuminga'; 'Jonathan';1610612744; 'GSW'; 19.0;70;44;26; 0.629;236;460; 0.513;50;149; 0.336;130;190; 0.684;54;180;234;64;74;31;22;35;146;652
301;1628395; 'Jordan Bell'; 'Jordan';1610612741; 'CHI'; 27.0;1;1;0; 1.0;0;0; 0.0;0;0; 0.0;0;0; 0.0;1;0;1;0;0;1;0;0;2;0
302;203903; 'Jordan Clarkson'; 'Jordan';1610612762; 'UTA'; 30.0;79;47;32; 0.595;466;1113; 0.419;190;597; 0.318;144;174; 0.828;67;206;273;194;129;66;16;40;149;1266
303;1630692; 'Jordan Goodwin'; 'Jordan';1610612764; 'WAS'; 23.0;2;1;1; 0.5;0;3; 0.0;0;1; 0.0;0;0; 0.0;0;1;1;0;0;0;0;0;1;0
304;1629162; 'Jordan McLaughlin'; 'Jordan';1610612750; 'MIN'; 26.0;62;36;26; 0.581;88;200; 0.44;27;85; 0.318;30;40; 0.75;22;72;94;180;38;57;10;14;54;233
305;1629670; 'Jordan Nwora'; 'Jordan';1610612749; 'MIL'; 23.0;62;34;28; 0.548;186;462; 0.403;79;227; 0.348;36;43; 0.837;37;184;221;59;57;25;17;20;78;487
306;1629673; 'Jordan Poole'; 'Jordan';1610612744; 'GSW'; 23.0;76;49;27; 0.645;474;1058; 0.448;211;580; 0.364;246;266; 0.925;34;226;260;304;187;60;23;57;206;1405
307;1630648; 'Jordan Schakel'; 'Jordan';1610612764; 'WAS'; 24.0;4;1;3; 0.25;1;11; 0.091;1;6; 0.167;2;2; 1.0;2;6;8;0;1;1;0;2;0;5
308;1630631; 'Jose Alvarado'; 'Jose';1610612740; 'NOP'; 24.0;54;25;29; 0.463;131;294; 0.446;32;110; 0.291;36;53; 0.679;25;75;100;152;40;71;7;19;73;330
309;1630528; 'Josh Christopher'; 'Josh';1610612745; 'HOU'; 20.0;74;18;56; 0.243;224;500; 0.448;56;189; 0.296;83;113; 0.735;52;134;186;150;114;65;13;34;97;587
310;1630581; 'Josh Giddey'; 'Josh';1610612760; 'OKC'; 19.0;54;17;37; 0.315;281;670; 0.419;56;213; 0.263;56;79; 0.709;98;323;421;345;171;51;20;49;88;674
311;1630182; 'Josh Green'; 'Josh';1610612742; 'DAL'; 21.0;67;44;23; 0.657;130;256; 0.508;28;78; 0.359;31;45; 0.689;52;109;161;79;44;45;14;18;115;319
312;1628404; 'Josh Hart'; 'Josh';1610612757; 'POR'; 27.0;54;20;34; 0.37;287;569; 0.504;73;213; 0.343;160;211; 0.758;62;326;388;224;114;61;13;39;150;807
313;1628367; 'Josh Jackson'; 'Josh';1610612758; 'SAC'; 25.0;51;12;39; 0.235;120;300; 0.4;33;130; 0.254;55;77; 0.714;21;120;141;54;47;26;22;22;88;328
314;1629006; 'Josh Okogie'; 'Josh';1610612750; 'MIN'; 23.0;49;23;26; 0.469;42;104; 0.404;14;47; 0.298;35;51; 0.686;29;41;70;25;23;26;12;10;53;133
315;1626196; 'Josh Richardson'; 'Josh';1610612759; 'SAS'; 28.0;65;38;27; 0.585;234;534; 0.438;102;246; 0.415;96;108; 0.889;42;143;185;115;66;56;29;25;116;666
316;1630563; 'Joshua Primo'; 'Joshua';1610612759; 'SAS'; 19.0;50;22;28; 0.44;101;270; 0.374;42;137; 0.307;44;59; 0.746;32;81;113;81;57;20;23;10;79;288
317;201950; 'Jrue Holiday'; 'Jrue';1610612749; 'MIL'; 32.0;67;47;20; 0.701;478;954; 0.501;132;321; 0.411;137;180; 0.761;69;232;301;457;183;108;29;42;133;1225
318;1629308; 'Juan Toscano-Anderson'; 'Juan';1610612744; 'GSW'; 29.0;73;51;22; 0.699;115;235; 0.489;28;87; 0.322;40;70; 0.571;28;148;176;127;68;48;17;19;115;298
319;1627823; 'Juancho Hernangomez'; 'Juancho';1610612762; 'UTA'; 26.0;40;20;20; 0.5;44;106; 0.415;24;69; 0.348;19;34; 0.559;28;72;100;20;16;14;10;6;25;131
320;203944; 'Julius Randle'; 'Julius';1610612752; 'NYK'; 27.0;72;32;40; 0.444;512;1246; 0.411;120;390; 0.308;303;401; 0.756;125;591;716;370;245;53;39;66;205;1447
321;1626147; 'Justin Anderson'; 'Justin';1610612754; 'IND'; 28.0;16;3;13; 0.188;36;95; 0.379;15;59; 0.254;15;19; 0.789;4;42;46;33;8;8;6;5;22;102
322;1630551; 'Justin Champagnie'; 'Justin';1610612761; 'TOR'; 21.0;36;21;15; 0.583;31;67; 0.463;10;28; 0.357;9;9; 1.0;37;35;72;11;8;8;4;4;32;81
323;203200; 'Justin Holiday'; 'Justin';1610612758; 'SAC'; 33.0;74;25;49; 0.338;261;662; 0.394;177;482; 0.367;50;62; 0.806;29;161;190;128;70;57;33;17;154;749
324;1628382; 'Justin Jackson'; 'Justin';1610612756; 'PHX'; 27.0;7;6;1; 0.857;5;15; 0.333;3;9; 0.333;2;2; 1.0;1;6;7;2;1;0;0;0;3;15
325;1629620; 'Justin Robinson'; 'Justin';1610612765; 'DET'; 24.0;25;13;12; 0.52;28;93; 0.301;18;61; 0.295;4;8; 0.5;4;17;21;32;17;9;1;1;27;78
326;1626159; 'Justise Winslow'; 'Justise';1610612757; 'POR'; 26.0;48;24;24; 0.5;110;257; 0.428;15;66; 0.227;39;66; 0.591;50;152;202;84;49;35;25;23;67;274
327;203994; 'Jusuf Nurkic'; 'Jusuf';1610612757; 'POR'; 27.0;56;25;31; 0.446;321;600; 0.535;15;56; 0.268;185;268; 0.69;167;452;619;157;143;62;34;46;189;842
328;1629752; 'Juwan Morgan'; 'Juwan';1610612738; 'BOS'; 25.0;2;1;1; 0.5;2;3; 0.667;1;2; 0.5;0;0; 0.0;2;2;4;1;0;0;0;0;3;5
329;1629644; 'KZ Okpala'; 'KZ';1610612748; 'MIA'; 23.0;21;14;7; 0.667;30;69; 0.435;9;26; 0.346;8;11; 0.727;11;30;41;14;5;4;7;2;25;77
330;1630539; 'Kai Jones'; 'Kai';1610612766; 'CHA'; 21.0;21;14;7; 0.667;9;14; 0.643;1;2; 0.5;3;8; 0.375;3;8;11;4;6;1;2;0;8;22
331;1626157; 'Karl-Anthony Towns'; 'Karl-Anthony';1610612750; 'MIN'; 26.0;74;44;30; 0.595;642;1214; 0.529;150;366; 0.41;384;467; 0.822;194;533;727;269;226;72;83;92;267;1818
332;1626208; 'Keifer Sykes'; 'Keifer';1610612754; 'IND'; 28.0;32;6;26; 0.188;69;190; 0.363;27;90; 0.3;15;17; 0.882;8;37;45;62;33;12;4;7;51;180
333;1628966; 'Keita Bates-Diop'; 'Keita';1610612759; 'SAS'; 26.0;59;23;36; 0.39;136;263; 0.517;17;55; 0.309;46;61; 0.754;62;169;231;41;45;27;14;26;61;335
334;1629103; 'Kelan Martin'; 'Kelan';1610612738; 'BOS'; 26.0;30;14;16; 0.467;70;171; 0.409;22;75; 0.293;9;13; 0.692;17;38;55;21;14;13;9;10;36;171
335;1629640; 'Keldon Johnson'; 'Keldon';1610612759; 'SAS'; 22.0;75;33;42; 0.44;471;1011; 0.466;159;399; 0.398;177;234; 0.756;80;377;457;158;92;58;14;63;148;1278
336;1629833; 'Keljin Blevins'; 'Keljin';1610612757; 'POR'; 26.0;31;4;27; 0.129;34;111; 0.306;21;72; 0.292;6;11; 0.545;16;29;45;19;17;13;1;6;29;95
337;203482; 'Kelly Olynyk'; 'Kelly';1610612765; 'DET'; 31.0;40;13;27; 0.325;128;286; 0.448;40;119; 0.336;69;89; 0.775;54;123;177;111;58;31;19;13;100;365
338;1626162; 'Kelly Oubre Jr.'; 'Kelly';1610612766; 'CHA'; 26.0;76;39;37; 0.513;410;932; 0.44;191;553; 0.345;126;189; 0.667;79;223;302;84;67;77;31;43;189;1137
339;202689; 'Kemba Walker'; 'Kemba';1610612752; 'NYK'; 32.0;37;16;21; 0.432;149;370; 0.403;73;199; 0.367;60;71; 0.845;14;97;111;131;48;26;7;16;37;431
340;1629026; 'Kenrich Williams'; 'Kenrich';1610612760; 'OKC'; 27.0;49;17;32; 0.347;146;317; 0.461;41;121; 0.339;30;55; 0.545;75;145;220;108;46;44;10;18;81;363
341;203145; 'Kent Bazemore'; 'Kent';1610612747; 'LAL'; 32.0;39;16;23; 0.41;45;139; 0.324;29;80; 0.363;13;17; 0.765;13;56;69;34;21;25;9;0;70;132
342;203484; 'Kentavious Caldwell-Pope'; 'Kentavious';1610612764; 'WAS'; 29.0;77;34;43; 0.442;361;829; 0.435;159;408; 0.39;137;154; 0.89;41;220;261;145;97;83;26;22;139;1018
343;1630231; 'Kenyon Martin Jr.'; 'Kenyon';1610612745; 'HOU'; 21.0;79;20;59; 0.253;279;523; 0.533;60;168; 0.357;78;123; 0.634;80;217;297;101;60;34;40;46;113;696
344;1630553; 'Keon Johnson'; 'Keon';1610612757; 'POR'; 20.0;37;8;29; 0.216;96;272; 0.353;34;100; 0.34;41;51; 0.804;24;57;81;76;46;28;12;23;69;267
345;1630556; 'Kessler Edwards'; 'Kessler';1610612751; 'BKN'; 21.0;48;22;26; 0.458;110;267; 0.412;48;136; 0.353;16;19; 0.842;44;128;172;31;42;29;24;19;85;284
346;201142; 'Kevin Durant'; 'Kevin';1610612751; 'BKN'; 33.0;55;36;19; 0.655;578;1115; 0.518;115;300; 0.383;372;409; 0.91;29;378;407;351;191;48;52;38;113;1643
347;1628989; 'Kevin Huerter'; 'Kevin';1610612737; 'ATL'; 23.0;74;40;34; 0.541;345;760; 0.454;160;411; 0.389;42;52; 0.808;32;222;254;203;91;55;26;23;185;892
348;1628995; 'Kevin Knox II'; 'Kevin';1610612737; 'ATL'; 22.0;30;18;12; 0.6;31;85; 0.365;15;54; 0.278;16;22; 0.727;14;30;44;10;7;4;2;4;19;93
349;201567; 'Kevin Love'; 'Kevin';1610612739; 'CLE'; 33.0;74;38;36; 0.514;327;761; 0.43;187;477; 0.392;166;198; 0.838;87;449;536;160;98;26;18;17;101;1007
350;1630698; 'Kevin Pangos'; 'Kevin';1610612739; 'CLE'; 29.0;24;16;8; 0.667;15;46; 0.326;6;26; 0.231;3;4; 0.75;2;9;11;30;7;3;0;1;11;39
351;1629645; 'Kevin Porter Jr.'; 'Kevin';1610612745; 'HOU'; 22.0;61;16;45; 0.262;335;808; 0.415;155;413; 0.375;124;193; 0.642;43;224;267;376;192;69;22;40;156;949
352;1626172; 'Kevon Looney'; 'Kevon';1610612744; 'GSW'; 26.0;82;53;29; 0.646;208;364; 0.571;0;1; 0.0;75;125; 0.6;208;388;596;165;67;50;52;36;215;491
353;203920; 'Khem Birch'; 'Khem';1610612761; 'TOR'; 29.0;55;34;21; 0.618;97;200; 0.485;0;14; 0.0;53;71; 0.746;122;117;239;56;29;30;26;12;104;247
354;203114; 'Khris Middleton'; 'Khris';1610612749; 'MIL'; 30.0;66;44;22; 0.667;452;1021; 0.443;162;434; 0.373;259;291; 0.89;41;315;356;358;190;76;18;46;160;1325
355;1630165; 'Killian Hayes'; 'Killian';1610612765; 'DET'; 20.0;66;21;45; 0.318;176;459; 0.383;44;167; 0.263;57;74; 0.77;36;174;210;277;111;78;35;30;183;453
356;1629681; 'Killian Tillie'; 'Killian';1610612763; 'MEM'; 24.0;36;27;9; 0.75;43;127; 0.339;27;86; 0.314;5;8; 0.625;21;39;60;22;13;23;15;10;58;118
357;1630184; 'Kira Lewis Jr.'; 'Kira';1610612740; 'NOP'; 21.0;24;6;18; 0.25;59;146; 0.404;13;58; 0.224;10;12; 0.833;9;30;39;49;26;11;1;6;17;141
358;202691; 'Klay Thompson'; 'Klay';1610612744; 'GSW'; 32.0;32;17;15; 0.531;246;573; 0.429;114;296; 0.385;46;51; 0.902;15;110;125;88;43;16;17;13;54;652
359;1627739; 'Kris Dunn'; 'Kris';1610612757; 'POR'; 28.0;14;1;13; 0.071;44;102; 0.431;1;11; 0.091;17;18; 0.944;9;40;49;79;32;23;3;11;38;106
360;204001; 'Kristaps Porzingis'; 'Kristaps';1610612764; 'WAS'; 26.0;51;26;25; 0.51;352;767; 0.459;78;252; 0.31;248;286; 0.867;102;309;411;119;81;37;84;29;137;1030
361;203937; 'Kyle Anderson'; 'Kyle';1610612763; 'MEM'; 28.0;69;46;23; 0.667;209;469; 0.446;36;109; 0.33;67;105; 0.638;69;299;368;183;71;77;45;25;108;521
362;1629657; 'Kyle Guy'; 'Kyle';1610612748; 'MIA'; 24.0;19;15;4; 0.789;26;65; 0.4;14;40; 0.35;8;12; 0.667;4;13;17;17;13;7;1;3;12;74
363;1628398; 'Kyle Kuzma'; 'Kyle';1610612764; 'WAS'; 26.0;66;29;37; 0.439;423;936; 0.452;128;375; 0.341;156;219; 0.712;70;491;561;233;169;42;57;35;128;1130
364;200768; 'Kyle Lowry'; 'Kyle';1610612748; 'MIA'; 36.0;63;41;22; 0.651;276;627; 0.44;144;382; 0.377;148;174; 0.851;33;249;282;474;168;67;17;20;177;844
365;202681; 'Kyrie Irving'; 'Kyrie';1610612751; 'BKN'; 30.0;29;14;15; 0.483;289;616; 0.469;100;239; 0.418;118;129; 0.915;16;111;127;167;73;41;17;25;81;796
366;200746; 'LaMarcus Aldridge'; 'LaMarcus';1610612751; 'BKN'; 36.0;47;26;21; 0.553;252;458; 0.55;14;46; 0.304;89;102; 0.873;73;185;258;42;44;14;47;11;78;607
367;1630163; 'LaMelo Ball'; 'LaMelo';1610612766; 'CHA'; 20.0;75;39;36; 0.52;538;1254; 0.429;220;565; 0.389;212;243; 0.872;108;393;501;571;245;119;30;51;237;1508
368;1630205; 'Lamar Stevens'; 'Lamar';1610612739; 'CLE'; 24.0;63;35;28; 0.556;156;319; 0.489;18;65; 0.277;53;75; 0.707;47;117;164;44;41;31;18;26;106;383
369;202362; 'Lance Stephenson'; 'Lance';1610612754; 'IND'; 31.0;46;11;35; 0.239;147;323; 0.455;27;90; 0.3;63;80; 0.788;12;115;127;165;72;24;4;18;96;384
370;1629013; 'Landry Shamet'; 'Landry';1610612756; 'PHX'; 25.0;69;53;16; 0.768;191;485; 0.394;123;334; 0.368;68;81; 0.84;16;110;126;108;41;28;9;30;92;573
371;204038; 'Langston Galloway'; 'Langston';1610612749; 'MIL'; 30.0;7;4;3; 0.571;6;26; 0.231;2;16; 0.125;0;0; 0.0;3;15;18;12;6;1;0;1;7;14
372;1626204; 'Larry Nance Jr.'; 'Larry';1610612740; 'NOP'; 29.0;46;19;27; 0.413;129;247; 0.522;23;70; 0.329;40;57; 0.702;72;176;248;81;37;43;20;11;84;321
373;1628374; 'Lauri Markkanen'; 'Lauri';1610612739; 'CLE'; 25.0;61;32;29; 0.525;313;703; 0.445;136;380; 0.358;138;159; 0.868;59;286;345;81;54;45;30;46;130;900
374;2544; 'LeBron James'; 'LeBron';1610612747; 'LAL'; 37.0;56;25;31; 0.446;640;1221; 0.524;161;448; 0.359;254;336; 0.756;63;396;459;349;196;73;59;46;121;1695
375;1630195; 'Leandro Bolmaro'; 'Leandro';1610612750; 'MIN'; 21.0;35;19;16; 0.543;17;54; 0.315;5;18; 0.278;11;13; 0.846;16;27;43;21;13;6;0;1;26;50
376;1629623; 'Lindell Wigginton'; 'Lindell';1610612749; 'MIL'; 24.0;19;11;8; 0.579;26;61; 0.426;9;26; 0.346;19;35; 0.543;3;22;25;23;12;5;1;6;17;80
377;1630322; 'Lindy Waters III'; 'Lindy';1610612760; 'OKC'; 24.0;25;6;19; 0.24;71;175; 0.406;53;146; 0.363;4;5; 0.8;6;67;73;24;11;19;8;2;31;199
378;1629022; 'Lonnie Walker IV'; 'Lonnie';1610612759; 'SAS'; 23.0;70;27;43; 0.386;311;764; 0.407;111;353; 0.314;116;148; 0.784;18;163;181;152;71;44;19;27;98;849
379;1628366; 'Lonzo Ball'; 'Lonzo';1610612741; 'CHI'; 24.0;35;22;13; 0.629;162;383; 0.423;110;260; 0.423;21;28; 0.75;35;155;190;178;82;64;31;18;85;455
380;101150; 'Lou Williams'; 'Lou';1610612737; 'ATL'; 35.0;56;33;23; 0.589;125;320; 0.391;37;102; 0.363;67;78; 0.859;16;71;87;105;43;28;3;12;48;354
381;1629663; 'Louis King'; 'Louis';1610612758; 'SAC'; 23.0;10;2;8; 0.2;15;47; 0.319;8;27; 0.296;7;10; 0.7;0;12;12;9;0;2;1;1;14;45
382;1629652; 'Luguentz Dort'; 'Luguentz';1610612760; 'OKC'; 23.0;51;17;34; 0.333;293;726; 0.404;130;391; 0.332;161;191; 0.843;38;174;212;88;88;46;18;48;149;877
383;1629029; 'Luka Doncic'; 'Luka';1610612742; 'DAL'; 23.0;65;44;21; 0.677;641;1403; 0.457;201;569; 0.353;364;489; 0.744;56;537;593;568;292;75;36;44;145;1847
384;1630568; 'Luka Garza'; 'Luka';1610612765; 'DET'; 23.0;32;3;29; 0.094;66;147; 0.449;16;49; 0.327;38;61; 0.623;58;42;100;20;18;9;6;17;55;186
385;1628379; 'Luke Kennard'; 'Luke';1610612746; 'LAC'; 26.0;70;35;35; 0.5;287;639; 0.449;190;423; 0.449;69;77; 0.896;20;209;229;146;60;42;6;17;101;833
386;1628436; 'Luke Kornet'; 'Luke';1610612738; 'BOS'; 26.0;15;11;4; 0.733;13;27; 0.481;0;5; 0.0;4;6; 0.667;13;16;29;9;0;3;3;2;9;30
387;1630640; 'MJ Walker'; 'MJ';1610612756; 'PHX'; 24.0;2;1;1; 0.5;0;4; 0.0;0;2; 0.0;0;0; 0.0;0;1;1;1;0;2;0;1;1;0
388;1630644; 'Mac McClung'; 'Mac';1610612747; 'LAL'; 23.0;2;2;0; 1.0;3;6; 0.5;1;3; 0.333;1;1; 1.0;0;3;3;1;3;1;1;1;5;8
389;1630201; 'Malachi Flynn'; 'Malachi';1610612761; 'TOR'; 24.0;44;25;19; 0.568;72;183; 0.393;30;90; 0.333;15;24; 0.625;10;53;63;70;13;20;4;10;45;189
390;1627763; 'Malcolm Brogdon'; 'Malcolm';1610612754; 'IND'; 29.0;36;14;22; 0.389;243;543; 0.448;58;186; 0.312;143;167; 0.856;33;152;185;212;77;30;14;39;71;687
391;1630792; 'Malcolm Hill'; 'Malcolm';1610612741; 'CHI'; 26.0;19;8;11; 0.421;24;52; 0.462;13;36; 0.361;11;14; 0.786;11;24;35;8;3;7;3;2;24;72
392;1627736; 'Malik Beasley'; 'Malik';1610612750; 'MIN'; 25.0;79;46;33; 0.582;332;850; 0.391;240;637; 0.377;49;60; 0.817;26;201;227;116;43;43;12;34;88;953
393;1630238; 'Malik Fitts'; 'Malik';1610612738; 'BOS'; 24.0;15;13;2; 0.867;8;19; 0.421;5;10; 0.5;0;0; 0.0;2;15;17;5;2;0;0;2;4;21
394;1628370; 'Malik Monk'; 'Malik';1610612747; 'LAL'; 24.0;76;32;44; 0.421;391;826; 0.473;173;442; 0.391;93;117; 0.795;37;219;256;218;122;61;29;34;138;1048
395;1629005; 'Malik Newman'; 'Malik';1610612739; 'CLE'; 25.0;1;0;1; 0.0;3;5; 0.6;0;1; 0.0;2;2; 1.0;0;1;1;1;1;0;0;0;0;8
396;1629603; 'Mamadi Diakite'; 'Mamadi';1610612760; 'OKC'; 25.0;13;4;9; 0.308;25;47; 0.532;0;5; 0.0;6;11; 0.545;17;42;59;2;7;5;9;5;33;56
397;1630585; 'Marcus Garrett'; 'Marcus';1610612748; 'MIA'; 23.0;12;11;1; 0.917;5;21; 0.238;1;4; 0.25;2;5; 0.4;9;14;23;7;2;5;3;3;16;13
398;202694; 'Marcus Morris Sr.'; 'Marcus';1610612746; 'LAC'; 32.0;54;26;28; 0.481;300;691; 0.434;101;275; 0.367;129;148; 0.872;26;213;239;113;69;28;18;22;115;830
399;203935; 'Marcus Smart'; 'Marcus';1610612738; 'BOS'; 28.0;71;47;24; 0.662;300;718; 0.418;119;360; 0.331;142;179; 0.793;42;228;270;417;159;119;18;28;160;861
400;1628365; 'Markelle Fultz'; 'Markelle';1610612753; 'ORL'; 24.0;18;6;12; 0.333;83;175; 0.474;4;17; 0.235;25;31; 0.806;4;45;49;99;40;20;5;13;22;195
401;202693; 'Markieff Morris'; 'Markieff';1610612748; 'MIA'; 32.0;17;10;7; 0.588;54;114; 0.474;13;39; 0.333;8;9; 0.889;17;28;45;23;20;6;1;1;33;129
402;1630250; 'Marko Simonovic'; 'Marko';1610612741; 'CHI'; 22.0;9;4;5; 0.444;4;15; 0.267;1;5; 0.2;8;11; 0.727;5;5;10;0;2;1;1;3;6;17
403;1630210; 'Markus Howard'; 'Markus';1610612743; 'DEN'; 23.0;31;17;14; 0.548;39;101; 0.386;28;70; 0.4;20;23; 0.87;2;10;12;7;7;9;0;9;17;126
404;1627737; 'Marquese Chriss'; 'Marquese';1610612742; 'DAL'; 24.0;34;24;10; 0.706;62;134; 0.463;8;25; 0.32;22;33; 0.667;33;70;103;17;17;13;12;20;64;154
405;1628963; 'Marvin Bagley III'; 'Marvin';1610612765; 'DET'; 23.0;48;17;31; 0.354;225;446; 0.504;23;97; 0.237;67;101; 0.663;105;233;338;36;39;22;18;30;93;540
406;1630222; 'Mason Jones'; 'Mason';1610612747; 'LAL'; 23.0;4;2;2; 0.5;7;15; 0.467;1;4; 0.25;12;15; 0.8;1;9;10;4;1;2;0;0;8;27
407;203486; 'Mason Plumlee'; 'Mason';1610612766; 'CHA'; 32.0;73;40;33; 0.548;205;320; 0.641;0;2; 0.0;67;171; 0.392;176;389;565;226;100;61;52;29;224;477
408;1629680; 'Matisse Thybulle'; 'Matisse';1610612755; 'PHI'; 25.0;66;43;23; 0.652;150;300; 0.5;45;144; 0.313;34;43; 0.791;42;109;151;75;39;115;71;8;158;379
409;1629760; 'Matt Mooney'; 'Matt';1610612752; 'NYK'; 27.0;1;1;0; 1.0;0;1; 0.0;0;1; 0.0;0;0; 0.0;0;0;0;0;1;1;0;0;0;0
410;1630346; 'Matt Ryan'; 'Matt';1610612738; 'BOS'; 25.0;1;1;0; 1.0;1;5; 0.2;1;5; 0.2;0;0; 0.0;0;0;0;0;0;1;0;0;0;3
411;1629744; 'Matt Thomas'; 'Matt';1610612741; 'CHI'; 27.0;40;23;17; 0.575;55;134; 0.41;35;91; 0.385;16;20; 0.8;3;47;50;20;8;8;3;5;18;161
412;203090; 'Maurice Harkless'; 'Maurice';1610612758; 'SAC'; 29.0;47;15;32; 0.319;83;181; 0.459;31;101; 0.307;20;28; 0.714;12;100;112;23;31;29;24;9;77;217
413;1629622; 'Max Strus'; 'Max';1610612748; 'MIA'; 26.0;68;46;22; 0.676;249;564; 0.441;181;442; 0.41;42;53; 0.792;24;178;202;92;57;28;16;16;116;721
414;1628467; 'Maxi Kleber'; 'Maxi';1610612742; 'DAL'; 30.0;59;36;23; 0.61;141;354; 0.398;83;255; 0.325;46;65; 0.708;70;280;350;68;47;30;58;14;137;411
415;1630593; 'McKinley Wright IV'; 'McKinley';1610612750; 'MIN'; 23.0;5;3;2; 0.6;2;3; 0.667;1;2; 0.5;0;0; 0.0;0;0;0;3;1;0;0;0;1;5
416;1628982; 'Melvin Frazier Jr.'; 'Melvin';1610612760; 'OKC'; 25.0;3;0;3; 0.0;13;48; 0.271;1;21; 0.048;5;7; 0.714;5;8;13;1;3;1;0;5;8;32
417;1630695; 'Micah Potter'; 'Micah';1610612765; 'DET'; 24.0;3;2;1; 0.667;5;11; 0.455;0;2; 0.0;2;2; 1.0;4;5;9;0;1;1;1;0;4;12
418;1629008; 'Michael Porter Jr.'; 'Michael';1610612743; 'DEN'; 24.0;9;5;4; 0.556;37;103; 0.359;10;48; 0.208;5;9; 0.556;9;50;59;17;12;10;2;4;16;89
419;1628969; 'Mikal Bridges'; 'Mikal';1610612756; 'PHX'; 25.0;82;64;18; 0.78;458;858; 0.534;115;312; 0.369;131;157; 0.834;74;273;347;185;68;96;36;29;150;1162
420;201144; 'Mike Conley'; 'Mike';1610612762; 'UTA'; 34.0;72;44;28; 0.611;344;791; 0.435;169;414; 0.408;129;162; 0.796;47;170;217;385;123;96;21;28;142;986
421;203488; 'Mike Muscala'; 'Mike';1610612760; 'OKC'; 30.0;43;15;28; 0.349;113;248; 0.456;70;163; 0.429;48;57; 0.842;21;108;129;22;14;18;26;10;58;344
422;1628970; 'Miles Bridges'; 'Miles';1610612766; 'CHA'; 24.0;80;41;39; 0.513;596;1214; 0.491;154;465; 0.331;267;333; 0.802;90;469;559;300;150;74;67;62;193;1613
423;1630540; 'Miles McBride'; 'Miles';1610612752; 'NYK'; 21.0;40;19;21; 0.475;32;108; 0.296;17;68; 0.25;8;12; 0.667;4;38;42;41;5;14;1;4;45;89
424;1629011; 'Mitchell Robinson'; 'Mitchell';1610612752; 'NYK'; 24.0;72;32;40; 0.444;261;343; 0.761;0;0; 0.0;88;181; 0.486;295;322;617;38;60;58;133;29;195;610
425;1629671; 'Miye Oni'; 'Miye';1610612762; 'UTA'; 24.0;16;15;1; 0.938;2;9; 0.222;1;8; 0.125;0;1; 0.0;1;6;7;5;1;0;0;0;7;5
426;1628964; 'Mo Bamba'; 'Mo';1610612753; 'ORL'; 24.0;71;19;52; 0.268;296;617; 0.48;107;281; 0.381;57;73; 0.781;148;424;572;85;77;38;118;31;182;756
427;1628420; 'Monte Morris'; 'Monte';1610612743; 'DEN'; 27.0;75;44;31; 0.587;374;773; 0.484;124;314; 0.395;73;84; 0.869;27;199;226;333;78;56;14;34;92;945
428;1626149; 'Montrezl Harrell'; 'Montrezl';1610612766; 'CHA'; 28.0;71;36;35; 0.507;358;555; 0.645;4;17; 0.235;212;296; 0.716;149;282;431;145;72;29;43;38;137;932
429;1629021; 'Moritz Wagner'; 'Moritz';1610612753; 'ORL'; 25.0;63;16;47; 0.254;197;396; 0.497;66;201; 0.328;104;129; 0.806;42;190;232;87;56;20;13;22;123;564
430;1629650; 'Moses Brown'; 'Moses';1610612739; 'CLE'; 22.0;40;19;21; 0.475;64;108; 0.593;0;0; 0.0;43;72; 0.597;39;96;135;1;20;7;16;6;53;171
431;1630541; 'Moses Moody'; 'Moses';1610612744; 'GSW'; 20.0;52;35;17; 0.673;80;183; 0.437;40;110; 0.364;28;36; 0.778;17;63;80;23;13;7;10;3;43;228
432;1630589; 'Moses Wright'; 'Moses';1610612742; 'DAL'; 23.0;4;4;0; 1.0;1;4; 0.25;0;1; 0.0;3;3; 1.0;1;2;3;2;0;0;1;0;0;5
433;1628539; 'Mychal Mulder'; 'Mychal';1610612748; 'MIA'; 28.0;17;3;14; 0.176;24;77; 0.312;17;54; 0.315;4;4; 1.0;2;22;24;5;8;4;2;7;13;69
434;1629619; 'Myles Powell'; 'Myles';1610612755; 'PHI'; 24.0;11;8;3; 0.727;5;17; 0.294;1;6; 0.167;2;2; 1.0;1;5;6;3;3;1;0;1;8;13
435;1626167; 'Myles Turner'; 'Myles';1610612754; 'IND'; 26.0;42;15;27; 0.357;200;393; 0.509;61;183; 0.333;79;105; 0.752;65;232;297;44;54;28;118;15;119;540
436;1630230; 'Naji Marshall'; 'Naji';1610612740; 'NOP'; 24.0;55;23;32; 0.418;109;269; 0.405;21;105; 0.2;74;93; 0.796;38;104;142;62;46;33;8;18;69;313
437;1629642; 'Nassir Little'; 'Nassir';1610612757; 'POR'; 22.0;42;19;23; 0.452;145;315; 0.46;51;154; 0.331;69;94; 0.734;58;178;236;54;40;25;36;14;82;410
438;1630207; 'Nate Hinton'; 'Nate';1610612754; 'IND'; 23.0;2;0;2; 0.0;0;1; 0.0;0;0; 0.0;0;0; 0.0;0;0;0;0;1;0;0;0;0;0
439;1630233; 'Nathan Knight'; 'Nathan';1610612750; 'MIN'; 24.0;37;22;15; 0.595;45;88; 0.511;4;13; 0.308;44;60; 0.733;32;53;85;22;18;7;8;12;42;138
440;1629675; 'Naz Reid'; 'Naz';1610612750; 'MIN'; 22.0;77;42;35; 0.545;233;476; 0.489;57;166; 0.343;114;149; 0.765;102;199;301;71;82;40;71;33;172;637
441;1629674; 'Neemias Queta'; 'Neemias';1610612758; 'SAC'; 22.0;15;4;11; 0.267;17;38; 0.447;0;0; 0.0;11;17; 0.647;14;17;31;6;6;1;8;3;18;45
442;202357; 'Nemanja Bjelica'; 'Nemanja';1610612744; 'GSW'; 34.0;71;48;23; 0.676;160;342; 0.468;54;149; 0.362;59;81; 0.728;62;232;294;159;87;41;26;19;128;433
443;203457; 'Nerlens Noel'; 'Nerlens';1610612752; 'NYK'; 28.0;25;10;15; 0.4;32;60; 0.533;0;3; 0.0;21;30; 0.7;48;93;141;23;20;30;31;4;67;85
444;1629651; 'Nic Claxton'; 'Nic';1610612751; 'BKN'; 23.0;47;24;23; 0.511;178;264; 0.674;0;0; 0.0;54;93; 0.581;91;173;264;43;38;24;51;20;110;410
445;1630208; 'Nick Richards'; 'Nick';1610612766; 'CHA'; 24.0;50;25;25; 0.5;60;90; 0.667;0;0; 0.0;30;43; 0.698;34;52;86;13;24;9;21;8;51;150
446;1629638; 'Nickeil Alexander-Walker'; 'Nickeil';1610612762; 'UTA'; 23.0;65;29;36; 0.446;253;680; 0.372;105;338; 0.311;81;109; 0.743;37;150;187;156;93;46;23;43;103;692
447;201587; 'Nicolas Batum'; 'Nicolas';1610612746; 'LAC'; 33.0;59;31;28; 0.525;179;387; 0.463;108;270; 0.4;25;38; 0.658;29;225;254;100;40;58;42;6;80;491
448;203917; 'Nik Stauskas'; 'Nik';1610612738; 'BOS'; 28.0;8;7;1; 0.875;5;14; 0.357;4;10; 0.4;4;6; 0.667;1;2;3;2;1;0;0;0;1;18
449;203999; 'Nikola Jokic'; 'Nikola';1610612743; 'DEN'; 27.0;74;46;28; 0.622;764;1311; 0.583;97;288; 0.337;379;468; 0.81;206;813;1019;584;281;109;63;66;191;2004
450;202696; 'Nikola Vucevic'; 'Nikola';1610612741; 'CHI'; 31.0;73;41;32; 0.562;546;1154; 0.473;104;331; 0.314;92;121; 0.76;142;662;804;236;136;70;71;46;181;1288
451;1626181; 'Norman Powell'; 'Norman';1610612746; 'LAC'; 29.0;45;15;30; 0.333;279;605; 0.461;106;253; 0.419;189;233; 0.811;20;125;145;96;69;42;21;32;106;853
452;203658; 'Norvel Pelle'; 'Norvel';1610612762; 'UTA'; 29.0;3;0;3; 0.0;3;5; 0.6;0;0; 0.0;0;0; 0.0;3;3;6;0;2;0;1;0;1;6
453;1628384; 'O.G. Anunoby'; 'O.G.';1610612761; 'TOR'; 24.0;48;31;17; 0.646;309;697; 0.443;115;317; 0.363;89;118; 0.754;74;190;264;125;80;71;25;49;131;822
454;1630167; 'Obi Toppin'; 'Obi';1610612752; 'NYK'; 24.0;72;32;40; 0.444;251;473; 0.531;52;169; 0.308;94;124; 0.758;69;199;268;77;56;25;33;28;102;648
455;1630846; 'Olivier Sarr'; 'Olivier';1610612760; 'OKC'; 23.0;22;6;16; 0.273;58;101; 0.574;13;29; 0.448;24;29; 0.828;34;59;93;19;22;6;15;10;52;153
456;1630209; 'Omer Yurtseven'; 'Omer';1610612748; 'MIA'; 24.0;56;39;17; 0.696;130;247; 0.526;1;11; 0.091;38;61; 0.623;85;209;294;49;41;17;20;18;84;299
457;1630168; 'Onyeka Okongwu'; 'Onyeka';1610612737; 'ATL'; 21.0;48;26;22; 0.542;156;226; 0.69;0;0; 0.0;80;110; 0.727;115;168;283;53;44;31;60;21;149;392
458;1629052; 'Oshae Brissett'; 'Oshae';1610612754; 'IND'; 24.0;67;19;48; 0.284;208;506; 0.411;83;237; 0.35;114;164; 0.695;108;250;358;72;54;44;29;30;116;613
459;203490; 'Otto Porter Jr.'; 'Otto';1610612744; 'GSW'; 29.0;63;41;22; 0.651;193;416; 0.464;80;216; 0.37;49;61; 0.803;86;276;362;94;37;68;29;9;83;515
460;200782; 'P.J. Tucker'; 'P.J.';1610612748; 'MIA'; 37.0;71;45;26; 0.634;207;428; 0.484;80;193; 0.415;45;61; 0.738;100;287;387;149;66;58;15;18;161;539
461;1629023; 'P.J. Washington'; 'P.J.';1610612766; 'CHA'; 23.0;65;33;32; 0.508;250;532; 0.47;110;301; 0.365;58;81; 0.716;82;255;337;147;82;57;61;25;152;668
462;1628408; 'PJ Dozier'; 'PJ';1610612743; 'DEN'; 25.0;18;9;9; 0.5;36;99; 0.364;15;48; 0.313;10;13; 0.769;14;49;63;29;13;11;6;5;33;97
463;1628238; 'Paris Bass'; 'Paris';1610612756; 'PHX'; 26.0;2;2;0; 1.0;2;6; 0.333;0;2; 0.0;2;2; 1.0;2;2;4;0;2;1;0;2;2;6
464;1627783; 'Pascal Siakam'; 'Pascal';1610612761; 'TOR'; 28.0;68;40;28; 0.588;596;1207; 0.494;75;218; 0.344;284;379; 0.749;128;452;580;360;181;85;42;61;225;1551
465;1626192; 'Pat Connaughton'; 'Pat';1610612749; 'MIL'; 29.0;65;41;24; 0.631;227;496; 0.458;146;370; 0.395;45;54; 0.833;45;228;273;82;35;59;15;14;86;645
466;201976; 'Patrick Beverley'; 'Patrick';1610612750; 'MIN'; 33.0;58;33;25; 0.569;177;436; 0.406;83;242; 0.343;96;133; 0.722;62;178;240;268;73;67;52;23;174;533
467;1630172; 'Patrick Williams'; 'Patrick';1610612741; 'CHI'; 20.0;17;9;8; 0.529;54;102; 0.529;15;29; 0.517;30;41; 0.732;17;52;69;15;16;9;9;7;28;153
468;201988; 'Patty Mills'; 'Patty';1610612751; 'BKN'; 33.0;81;44;37; 0.543;324;794; 0.408;227;568; 0.4;48;59; 0.814;18;138;156;183;73;51;17;25;112;923
469;202331; 'Paul George'; 'Paul';1610612746; 'LAC'; 32.0;31;18;13; 0.581;268;636; 0.421;91;257; 0.354;127;148; 0.858;12;201;213;176;126;67;13;29;74;754
470;200794; 'Paul Millsap'; 'Paul';1610612755; 'PHI'; 37.0;33;22;11; 0.667;45;115; 0.391;8;35; 0.229;17;24; 0.708;41;73;114;29;19;10;13;5;67;115
471;1630194; 'Paul Reed'; 'Paul';1610612755; 'PHI'; 23.0;38;21;17; 0.553;54;96; 0.563;2;8; 0.25;6;14; 0.429;44;48;92;16;10;33;14;9;57;116
472;1628778; 'Paul Watson'; 'Paul';1610612760; 'OKC'; 27.0;9;2;7; 0.222;12;35; 0.343;6;26; 0.231;1;2; 0.5;3;24;27;8;4;3;3;1;10;31
473;1630202; 'Payton Pritchard'; 'Payton';1610612738; 'BOS'; 24.0;71;46;25; 0.648;160;373; 0.429;101;245; 0.412;21;21; 1.0;32;102;134;139;41;25;6;13;61;442
474;1627822; 'Petr Cornelie'; 'Petr';1610612743; 'DEN'; 26.0;13;3;10; 0.231;5;15; 0.333;1;8; 0.125;3;4; 0.75;7;7;14;3;4;1;1;1;7;14
475;1630173; 'Precious Achiuwa'; 'Precious';1610612761; 'TOR'; 22.0;73;46;27; 0.63;265;603; 0.439;56;156; 0.359;78;131; 0.595;146;327;473;82;84;37;41;51;151;664
476;1629656; 'Quentin Grimes'; 'Quentin';1610612752; 'NYK'; 22.0;46;21;25; 0.457;95;235; 0.404;72;189; 0.381;13;19; 0.684;24;70;94;44;28;31;11;2;72;275
477;1629683; 'Quinndary Weatherspoon'; 'Quinndary';1610612744; 'GSW'; 25.0;11;8;3; 0.727;12;21; 0.571;1;5; 0.2;5;5; 1.0;2;12;14;5;3;1;1;0;15;30
478;1630181; 'R.J. Hampton'; 'R.J.';1610612753; 'ORL'; 21.0;64;15;49; 0.234;175;457; 0.383;64;183; 0.35;75;117; 0.641;23;171;194;158;87;42;13;38;101;489
479;1629628; 'RJ Barrett'; 'RJ';1610612752; 'NYK'; 22.0;70;33;37; 0.471;487;1194; 0.408;138;404; 0.342;290;406; 0.714;66;342;408;208;151;43;16;105;142;1402
480;1630612; 'RJ Nembhard Jr.'; 'RJ';1610612739; 'CLE'; 23.0;14;6;8; 0.429;6;18; 0.333;0;2; 0.0;3;4; 0.75;3;4;7;12;3;1;0;3;2;15
481;200765; 'Rajon Rondo'; 'Rajon';1610612739; 'CLE'; 36.0;39;16;23; 0.41;68;176; 0.386;31;88; 0.352;19;26; 0.731;15;93;108;170;68;30;6;10;56;186
482;203526; 'Raul Neto'; 'Raul';1610612764; 'WAS'; 30.0;70;29;41; 0.414;204;441; 0.463;35;120; 0.292;83;108; 0.769;13;121;134;217;79;55;3;24;104;526
483;1629730; 'Rayjon Tucker'; 'Rayjon';1610612749; 'MIL'; 24.0;5;2;3; 0.4;6;9; 0.667;4;5; 0.8;5;7; 0.714;3;5;8;10;1;4;0;0;5;21
484;203493; 'Reggie Bullock'; 'Reggie';1610612742; 'DAL'; 31.0;68;44;24; 0.647;201;501; 0.401;141;392; 0.36;40;48; 0.833;33;208;241;83;40;41;14;16;111;583
485;202704; 'Reggie Jackson'; 'Reggie';1610612746; 'LAC'; 32.0;75;38;37; 0.507;479;1222; 0.392;167;512; 0.326;138;163; 0.847;39;232;271;359;173;55;15;38;159;1263
486;1629617; 'Reggie Perry'; 'Reggie';1610612757; 'POR'; 22.0;10;0;10; 0.0;40;79; 0.506;3;16; 0.188;9;15; 0.6;15;32;47;12;11;9;6;3;33;92
487;1626158; 'Richaun Holmes'; 'Richaun';1610612758; 'SAC'; 28.0;45;16;29; 0.356;198;300; 0.66;2;5; 0.4;70;90; 0.778;93;224;317;48;56;17;41;20;128;468
488;201937; 'Ricky Rubio'; 'Ricky';1610612754; 'IND'; 31.0;34;20;14; 0.588;149;411; 0.363;59;174; 0.339;88;103; 0.854;15;126;141;225;90;49;7;26;75;445
489;1630306; 'Rob Edwards'; 'Rob';1610612760; 'OKC'; 25.0;2;0;2; 0.0;1;4; 0.25;1;4; 0.25;0;0; 0.0;0;3;3;0;1;0;0;0;0;3
490;203496; 'Robert Covington'; 'Robert';1610612746; 'LAC'; 31.0;71;34;37; 0.479;209;498; 0.42;128;339; 0.378;58;69; 0.841;59;332;391;92;75;103;91;28;190;604
491;1629057; 'Robert Williams III'; 'Robert';1610612738; 'BOS'; 24.0;61;40;21; 0.656;271;368; 0.736;0;1; 0.0;65;90; 0.722;238;350;588;121;63;56;134;10;137;607
492;1630218; 'Robert Woodard II'; 'Robert';1610612759; 'SAS'; 22.0;12;0;12; 0.0;2;16; 0.125;1;4; 0.25;2;2; 1.0;5;6;11;3;1;1;1;2;3;7
493;201577; 'Robin Lopez'; 'Robin';1610612753; 'ORL'; 34.0;36;9;27; 0.25;110;199; 0.553;2;6; 0.333;32;54; 0.593;68;58;126;54;44;2;18;5;67;254
494;203918; 'Rodney Hood'; 'Rodney';1610612746; 'LAC'; 29.0;52;30;22; 0.577;58;157; 0.369;30;91; 0.33;17;19; 0.895;15;62;77;38;11;15;6;0;31;163
495;203585; 'Rodney McGruder'; 'Rodney';1610612765; 'DET'; 30.0;51;13;38; 0.255;98;225; 0.436;58;146; 0.397;19;26; 0.731;31;80;111;48;24;21;7;15;58;273
496;1629641; 'Romeo Langford'; 'Romeo';1610612759; 'SAS'; 22.0;48;24;24; 0.5;83;191; 0.435;29;85; 0.341;23;42; 0.548;30;78;108;21;16;22;16;14;47;218
497;1626220; Royce O'Neale; 'Royce';1610612762; 'UTA'; 29.0;77;46;31; 0.597;203;444; 0.457;119;306; 0.389;45;56; 0.804;64;304;368;191;79;86;32;15;183;570
498;200752; 'Rudy Gay'; 'Rudy';1610612762; 'UTA'; 35.0;55;34;21; 0.618;157;379; 0.414;70;203; 0.345;62;79; 0.785;55;187;242;56;47;25;19;19;95;446
499;203497; 'Rudy Gobert'; 'Rudy';1610612762; 'UTA'; 30.0;66;42;24; 0.636;362;508; 0.713;0;4; 0.0;303;439; 0.69;241;727;968;72;119;45;137;48;176;1027
500;1629060; 'Rui Hachimura'; 'Rui';1610612764; 'WAS'; 24.0;42;16;26; 0.381;187;381; 0.491;55;123; 0.447;46;66; 0.697;25;135;160;48;33;23;9;16;53;475
501;201566; 'Russell Westbrook'; 'Russell';1610612747; 'LAL'; 33.0;78;31;47; 0.397;548;1233; 0.444;79;265; 0.298;266;399; 0.667;110;470;580;550;295;75;20;82;235;1441
502;1627853; 'Ryan Arcidiacono'; 'Ryan';1610612752; 'NYK'; 28.0;10;8;2; 0.8;6;12; 0.5;4;9; 0.444;0;0; 0.0;0;8;8;4;3;1;0;0;5;16
503;1630240; 'Saben Lee'; 'Saben';1610612765; 'DET'; 23.0;37;8;29; 0.216;69;177; 0.39;14;60; 0.233;56;71; 0.789;18;69;87;107;36;36;12;22;44;208
504;1630180; 'Saddiq Bey'; 'Saddiq';1610612765; 'DET'; 23.0;82;23;59; 0.28;450;1136; 0.396;211;610; 0.346;210;254; 0.827;107;334;441;233;96;73;16;52;128;1321
505;1626155; 'Sam Dekker'; 'Sam';1610612761; 'TOR'; 28.0;1;1;0; 1.0;0;0; 0.0;0;0; 0.0;0;0; 0.0;0;0;0;0;0;0;0;0;0;0
506;1630573; 'Sam Hauser'; 'Sam';1610612738; 'BOS'; 24.0;26;20;6; 0.769;23;50; 0.46;19;44; 0.432;0;0; 0.0;5;24;29;10;2;1;2;1;7;65
507;1630241; 'Sam Merrill'; 'Sam';1610612763; 'MEM'; 26.0;6;2;4; 0.333;8;24; 0.333;7;23; 0.304;2;4; 0.5;1;6;7;4;2;0;0;0;3;25
508;1630572; 'Sandro Mamukelashvili'; 'Sandro';1610612749; 'MIL'; 23.0;41;22;19; 0.537;57;115; 0.496;22;52; 0.423;18;22; 0.818;35;47;82;22;15;9;9;9;28;154
509;1630583; 'Santi Aldama'; 'Santi';1610612763; 'MEM'; 21.0;32;20;12; 0.625;53;132; 0.402;6;48; 0.125;20;32; 0.625;33;54;87;21;16;6;10;5;36;132
510;1630567; 'Scottie Barnes'; 'Scottie';1610612761; 'TOR'; 20.0;74;43;31; 0.581;459;932; 0.492;58;193; 0.301;158;215; 0.735;195;362;557;256;136;80;55;38;192;1134
511;1630575; 'Scottie Lewis'; 'Scottie';1610612766; 'CHA'; 22.0;2;1;1; 0.5;0;0; 0.0;0;0; 0.0;1;2; 0.5;0;0;0;1;0;1;0;0;0;1
512;203816; 'Scotty Hopson'; 'Scotty';1610612760; 'OKC'; 32.0;1;0;1; 0.0;2;4; 0.5;0;1; 0.0;0;0; 0.0;0;1;1;1;2;0;0;0;1;4
513;1629635; 'Sekou Doumbouya'; 'Sekou';1610612747; 'LAL'; 21.0;2;0;2; 0.0;5;8; 0.625;1;2; 0.5;3;4; 0.75;2;4;6;0;2;3;2;1;1;14
514;1628400; 'Semi Ojeleye'; 'Semi';1610612746; 'LAC'; 27.0;30;14;16; 0.467;30;99; 0.303;15;50; 0.3;23;29; 0.793;27;47;74;9;9;7;6;9;30;98
515;201586; 'Serge Ibaka'; 'Serge';1610612749; 'MIL'; 32.0;54;30;24; 0.556;148;296; 0.5;37;99; 0.374;32;44; 0.727;62;188;250;49;43;11;33;13;102;365
516;203552; 'Seth Curry'; 'Seth';1610612751; 'BKN'; 31.0;64;38;26; 0.594;360;739; 0.487;158;374; 0.422;82;94; 0.872;21;179;200;230;109;53;14;13;148;960
517;1628983; 'Shai Gilgeous-Alexander'; 'Shai';1610612760; 'OKC'; 23.0;56;16;40; 0.286;477;1052; 0.453;89;297; 0.3;328;405; 0.81;37;241;278;331;154;71;46;64;142;1371
518;1629003; 'Shake Milton'; 'Shake';1610612755; 'PHI'; 25.0;55;34;21; 0.618;173;403; 0.429;43;133; 0.323;61;73; 0.836;30;112;142;139;44;28;17;20;99;450
519;1629783; 'Shaq Buchanan'; 'Shaq';1610612763; 'MEM'; 25.0;2;2;0; 1.0;1;4; 0.25;0;2; 0.0;0;0; 0.0;1;1;2;2;2;1;0;1;1;2
520;1627885; 'Shaquille Harrison'; 'Shaquille';1610612751; 'BKN'; 28.0;2;1;1; 0.5;2;6; 0.333;0;2; 0.0;0;0; 0.0;1;3;4;3;2;1;1;1;3;4
521;1630536; 'Sharife Cooper'; 'Sharife';1610612737; 'ATL'; 21.0;13;8;5; 0.615;3;14; 0.214;1;6; 0.167;0;0; 0.0;0;5;5;5;5;0;0;3;1;7
522;1630219; 'Skylar Mays'; 'Skylar';1610612737; 'ATL'; 24.0;28;17;11; 0.607;32;64; 0.5;8;25; 0.32;8;9; 0.889;5;20;25;17;10;7;0;5;9;80
523;203524; 'Solomon Hill'; 'Solomon';1610612737; 'ATL'; 31.0;13;7;6; 0.538;3;20; 0.15;2;13; 0.154;0;0; 0.0;6;17;23;12;1;4;2;1;16;8
524;203915; 'Spencer Dinwiddie'; 'Spencer';1610612742; 'DAL'; 29.0;67;38;29; 0.567;306;735; 0.416;112;330; 0.339;195;252; 0.774;45;234;279;346;104;44;13;40;150;919
525;1626169; 'Stanley Johnson'; 'Stanley';1610612747; 'LAL'; 26.0;48;16;32; 0.333;117;251; 0.466;33;105; 0.314;53;74; 0.716;34;121;155;80;35;43;14;19;109;320
526;201939; 'Stephen Curry'; 'Stephen';1610612744; 'GSW'; 34.0;64;45;19; 0.703;535;1224; 0.437;285;750; 0.38;275;298; 0.923;34;301;335;404;206;85;23;39;130;1630
527;1628425; 'Sterling Brown'; 'Sterling';1610612742; 'DAL'; 27.0;49;31;18; 0.633;59;155; 0.381;28;92; 0.304;14;15; 0.933;26;123;149;34;23;14;7;13;56;160
528;203500; 'Steven Adams'; 'Steven';1610612763; 'MEM'; 28.0;76;51;25; 0.671;210;384; 0.547;0;1; 0.0;108;199; 0.543;349;411;760;256;115;65;60;44;153;528
529;1629004; 'Svi Mykhailiuk'; 'Svi';1610612761; 'TOR'; 25.0;56;29;27; 0.518;91;234; 0.389;41;134; 0.306;32;37; 0.865;20;72;92;45;32;26;4;11;54;255
530;204456; 'T.J. McConnell'; 'T.J.';1610612754; 'IND'; 30.0;27;9;18; 0.333;100;208; 0.481;10;33; 0.303;19;23; 0.826;20;70;90;131;29;29;10;11;53;229
531;1629605; 'Tacko Fall'; 'Tacko';1610612739; 'CLE'; 26.0;11;4;7; 0.364;5;12; 0.417;0;0; 0.0;2;7; 0.286;7;16;23;2;3;0;6;1;3;12
532;201959; 'Taj Gibson'; 'Taj';1610612752; 'NYK'; 37.0;52;24;28; 0.462;86;166; 0.518;15;38; 0.395;42;52; 0.808;88;141;229;32;27;22;40;9;137;229
533;1629659; 'Talen Horton-Tucker'; 'Talen';1610612747; 'LAL'; 21.0;60;23;37; 0.383;224;538; 0.416;49;182; 0.269;100;125; 0.8;37;156;193;159;82;59;29;28;148;597
534;1627752; 'Taurean Prince'; 'Taurean';1610612750; 'MIN'; 28.0;69;40;29; 0.58;177;390; 0.454;86;229; 0.376;62;82; 0.756;26;148;174;68;53;47;23;13;116;502
535;1629611; 'Terance Mann'; 'Terance';1610612746; 'LAC'; 25.0;81;41;40; 0.506;334;690; 0.484;76;208; 0.365;128;164; 0.78;104;321;425;209;84;55;21;44;178;872
536;1629056; 'Terence Davis'; 'Terence';1610612758; 'SAC'; 25.0;30;11;19; 0.367;113;267; 0.423;49;149; 0.329;36;44; 0.818;11;83;94;40;33;25;11;14;70;311
537;203082; 'Terrence Ross'; 'Terrence';1610612753; 'ORL'; 31.0;63;14;49; 0.222;220;554; 0.397;77;264; 0.292;112;130; 0.862;20;141;161;116;75;28;12;24;68;629
538;1626179; 'Terry Rozier'; 'Terry';1610612766; 'CHA'; 28.0;73;38;35; 0.521;518;1167; 0.444;222;593; 0.374;150;176; 0.852;56;259;315;326;96;93;25;46;119;1408
539;1630678; 'Terry Taylor'; 'Terry';1610612754; 'IND'; 22.0;33;7;26; 0.212;135;220; 0.614;12;38; 0.316;36;51; 0.706;95;77;172;41;23;14;8;14;61;318
540;201152; 'Thaddeus Young'; 'Thaddeus';1610612761; 'TOR'; 34.0;52;27;25; 0.519;141;272; 0.518;17;48; 0.354;23;49; 0.469;80;128;208;104;52;54;18;20;81;322
541;203648; 'Thanasis Antetokounmpo'; 'Thanasis';1610612749; 'MIL'; 29.0;48;26;22; 0.542;70;128; 0.547;2;14; 0.143;29;46; 0.63;40;61;101;22;26;16;12;13;68;171
542;1630177; 'Theo Maledon'; 'Theo';1610612760; 'OKC'; 21.0;51;14;37; 0.275;119;317; 0.375;44;150; 0.293;79;100; 0.79;20;111;131;111;65;31;11;24;67;361
543;1629033; 'Theo Pinson'; 'Theo';1610612742; 'DAL'; 26.0;19;14;5; 0.737;14;39; 0.359;10;30; 0.333;10;10; 1.0;2;19;21;17;5;5;2;0;12;48
544;1628418; 'Thomas Bryant'; 'Thomas';1610612764; 'WAS'; 24.0;27;8;19; 0.296;77;148; 0.52;12;42; 0.286;35;40; 0.875;26;82;108;23;19;6;21;7;43;201
545;204025; 'Tim Frazier'; 'Tim';1610612739; 'CLE'; 31.0;12;1;11; 0.083;14;45; 0.311;6;17; 0.353;5;9; 0.556;5;14;19;34;15;3;1;2;27;39
546;203501; 'Tim Hardaway Jr.'; 'Tim';1610612742; 'DAL'; 30.0;42;24;18; 0.571;209;530; 0.394;102;304; 0.336;78;103; 0.757;13;143;156;92;34;38;6;18;74;598
547;1627789; 'Timothe Luwawu-Cabarrot'; 'Timothe';1610612737; 'ATL'; 27.0;52;30;22; 0.577;74;186; 0.398;44;122; 0.361;35;41; 0.854;17;65;82;40;20;18;6;9;76;227
548;202699; 'Tobias Harris'; 'Tobias';1610612755; 'PHI'; 29.0;73;45;28; 0.616;493;1022; 0.482;101;275; 0.367;170;202; 0.842;77;419;496;252;116;47;43;71;164;1257
549;203107; 'Tomas Satoransky'; 'Tomas';1610612764; 'WAS'; 30.0;55;21;34; 0.382;72;191; 0.377;11;53; 0.208;43;54; 0.796;27;99;126;184;46;29;5;11;71;198
550;1628396; 'Tony Bradley'; 'Tony';1610612741; 'CHI'; 24.0;55;28;27; 0.509;72;123; 0.585;0;0; 0.0;19;29; 0.655;67;119;186;27;34;10;33;18;62;163
551;203503; 'Tony Snell'; 'Tony';1610612740; 'NOP'; 30.0;53;19;34; 0.358;69;171; 0.404;45;128; 0.352;4;4; 1.0;16;87;103;28;19;16;9;4;70;187
552;1628470; 'Torrey Craig'; 'Torrey';1610612756; 'PHX'; 31.0;78;36;42; 0.462;200;441; 0.454;77;234; 0.329;39;52; 0.75;86;224;310;91;67;46;36;14;151;516
553;1629027; 'Trae Young'; 'Trae';1610612737; 'ATL'; 23.0;76;40;36; 0.526;711;1544; 0.46;233;610; 0.382;500;553; 0.904;50;234;284;737;303;72;7;93;128;2155
554;1629309; 'Trayvon Palmer'; 'Trayvon';1610612765; 'DET'; 27.0;1;0;1; 0.0;0;1; 0.0;0;0; 0.0;0;0; 0.0;0;2;2;0;1;0;0;0;2;0
555;1630200; 'Tre Jones'; 'Tre';1610612759; 'SAS'; 22.0;69;32;37; 0.464;166;339; 0.49;10;51; 0.196;71;91; 0.78;29;126;155;233;46;42;7;28;78;413
556;1630544; 'Tre Mann'; 'Tre';1610612760; 'OKC'; 21.0;60;17;43; 0.283;231;588; 0.393;98;272; 0.36;65;82; 0.793;25;146;171;91;71;47;12;33;102;625
557;1629682; 'Tremont Waters'; 'Tremont';1610612764; 'WAS'; 24.0;3;0;3; 0.0;4;14; 0.286;2;9; 0.222;0;0; 0.0;0;4;4;7;4;5;0;0;4;10
558;1630570; 'Trendon Watford'; 'Trendon';1610612757; 'POR'; 21.0;48;16;32; 0.333;142;267; 0.532;9;38; 0.237;71;94; 0.755;57;142;199;81;44;25;28;20;116;364
559;1630235; 'Trent Forrest'; 'Trent';1610612762; 'UTA'; 24.0;60;36;24; 0.6;76;155; 0.49;5;27; 0.185;38;48; 0.792;23;76;99;106;48;30;6;12;43;195
560;1630243; 'Trevelin Queen'; 'Trevelin';1610612745; 'HOU'; 25.0;10;1;9; 0.1;15;33; 0.455;9;24; 0.375;4;4; 1.0;7;9;16;4;7;5;1;0;6;43
561;1630286; 'Trevon Scott'; 'Trevon';1610612739; 'CLE'; 25.0;2;1;1; 0.5;3;6; 0.5;0;1; 0.0;0;0; 0.0;1;1;2;0;0;1;1;0;2;6
562;2772; 'Trevor Ariza'; 'Trevor';1610612747; 'LAL'; 37.0;24;8;16; 0.333;33;99; 0.333;20;74; 0.27;10;18; 0.556;10;72;82;27;11;13;6;3;20;96
563;203504; 'Trey Burke'; 'Trey';1610612742; 'DAL'; 29.0;42;24;18; 0.571;84;215; 0.391;26;82; 0.317;20;23; 0.87;4;29;33;57;26;12;0;6;39;214
564;1626168; 'Trey Lyles'; 'Trey';1610612758; 'SAC'; 26.0;75;19;56; 0.253;262;562; 0.466;67;209; 0.321;195;243; 0.802;89;290;379;88;73;29;32;34;123;786
565;1630530; 'Trey Murphy III'; 'Trey';1610612740; 'NOP'; 22.0;62;31;31; 0.5;109;277; 0.394;71;186; 0.382;45;51; 0.882;47;100;147;38;16;23;7;13;60;334
566;202684; 'Tristan Thompson'; 'Tristan';1610612741; 'CHI'; 31.0;57;20;37; 0.351;141;267; 0.528;1;3; 0.333;61;116; 0.526;120;168;288;34;45;23;21;29;98;344
567;1628972; 'Troy Brown Jr.'; 'Troy';1610612741; 'CHI'; 22.0;66;37;29; 0.561;108;258; 0.419;47;133; 0.353;20;26; 0.769;39;164;203;66;26;36;5;25;62;283
568;1629660; 'Ty Jerome'; 'Ty';1610612760; 'OKC'; 24.0;48;15;33; 0.313;124;328; 0.378;54;186; 0.29;38;47; 0.809;19;59;78;109;37;30;5;18;73;340
569;1629076; 'Tyler Cook'; 'Tyler';1610612741; 'CHI'; 24.0;20;13;7; 0.65;23;38; 0.605;0;0; 0.0;21;32; 0.656;16;37;53;3;7;4;4;6;28;67
570;1629788; 'Tyler Hall'; 'Tyler';1610612752; 'NYK'; 25.0;1;1;0; 1.0;0;0; 0.0;0;0; 0.0;0;0; 0.0;0;0;0;0;0;0;0;0;0;0
571;1629639; 'Tyler Herro'; 'Tyler';1610612748; 'MIA'; 22.0;66;44;22; 0.667;501;1122; 0.447;175;439; 0.399;190;219; 0.868;32;297;329;263;174;44;8;75;95;1367
572;204020; 'Tyler Johnson'; 'Tyler';1610612759; 'SAS'; 30.0;6;2;4; 0.333;6;20; 0.3;5;13; 0.385;0;0; 0.0;3;9;12;7;2;3;3;1;7;17
573;1630179; 'Tyrell Terry'; 'Tyrell';1610612763; 'MEM'; 21.0;2;2;0; 1.0;1;1; 1.0;0;0; 0.0;0;0; 0.0;0;0;0;0;0;0;0;0;1;2
574;1630169; 'Tyrese Haliburton'; 'Tyrese';1610612754; 'IND'; 22.0;77;26;51; 0.338;430;909; 0.473;161;389; 0.414;160;190; 0.842;61;250;311;628;199;134;49;37;121;1181
575;1630178; 'Tyrese Maxey'; 'Tyrese';1610612755; 'PHI'; 21.0;75;45;30; 0.6;483;995; 0.485;132;309; 0.427;213;246; 0.866;26;214;240;321;88;55;32;54;156;1311
576;1627820; 'Tyrone Wallace'; 'Tyrone';1610612740; 'NOP'; 28.0;6;4;2; 0.667;7;20; 0.35;2;8; 0.25;1;5; 0.2;0;8;8;1;2;3;1;1;7;17
577;1626145; 'Tyus Jones'; 'Tyus';1610612763; 'MEM'; 26.0;73;51;22; 0.699;249;552; 0.451;80;205; 0.39;54;66; 0.818;17;159;176;324;46;66;2;18;32;632
578;1628962; 'Udoka Azubuike'; 'Udoka';1610612762; 'UTA'; 22.0;17;11;6; 0.647;37;49; 0.755;0;0; 0.0;6;11; 0.545;18;53;71;0;12;1;11;2;25;80
579;2617; 'Udonis Haslem'; 'Udonis';1610612748; 'MIA'; 42.0;13;10;3; 0.769;14;31; 0.452;1;4; 0.25;3;3; 1.0;4;21;25;4;5;1;1;3;15;32
580;1630586; 'Usman Garuba'; 'Usman';1610612745; 'HOU'; 20.0;24;2;22; 0.083;19;44; 0.432;5;20; 0.25;5;7; 0.714;21;62;83;17;6;10;11;6;28;48
581;1630176; 'Vernon Carey Jr.'; 'Vernon';1610612764; 'WAS'; 21.0;7;3;4; 0.429;7;13; 0.538;0;0; 0.0;6;13; 0.462;8;4;12;0;3;2;1;0;4;20
582;203506; 'Victor Oladipo'; 'Victor';1610612748; 'MIA'; 30.0;8;4;4; 0.5;35;73; 0.479;15;36; 0.417;14;19; 0.737;3;20;23;28;16;5;1;3;13;99
583;1630249; 'Vit Krejci'; 'Vit';1610612760; 'OKC'; 22.0;30;8;22; 0.267;68;167; 0.407;32;98; 0.327;19;22; 0.864;18;83;101;57;29;19;8;9;65;187
584;1628427; 'Vlatko Cancar'; 'Vlatko';1610612743; 'DEN'; 25.0;15;7;8; 0.467;23;41; 0.561;7;12; 0.583;9;14; 0.643;8;23;31;17;9;2;3;3;18;62
585;201961; 'Wayne Ellington'; 'Wayne';1610612747; 'LAL'; 34.0;43;15;28; 0.349;98;237; 0.414;82;211; 0.389;9;11; 0.818;10;67;77;30;19;23;5;4;42;287
586;1627782; 'Wayne Selden'; 'Wayne';1610612752; 'NYK'; 27.0;3;2;1; 0.667;1;4; 0.25;1;2; 0.5;2;4; 0.5;0;1;1;1;0;0;0;1;1;5
587;1628976; 'Wendell Carter Jr.'; 'Wendell';1610612753; 'ORL'; 23.0;62;16;46; 0.258;359;684; 0.525;70;214; 0.327;143;207; 0.691;139;509;648;171;117;36;43;35;169;931
588;1629117; 'Wenyen Gabriel'; 'Wenyen';1610612747; 'LAL'; 25.0;26;8;18; 0.308;54;110; 0.491;8;28; 0.286;25;42; 0.595;39;58;97;14;16;5;11;16;68;141
589;1628411; 'Wes Iwundu'; 'Wes';1610612737; 'ATL'; 27.0;3;2;1; 0.667;8;18; 0.444;3;5; 0.6;3;4; 0.75;3;10;13;0;1;1;0;4;8;22
590;202083; 'Wesley Matthews'; 'Wesley';1610612749; 'MIL'; 35.0;49;33;16; 0.673;87;220; 0.395;53;157; 0.338;22;28; 0.786;30;62;92;36;18;23;8;10;87;249
591;203115; 'Will Barton'; 'Will';1610612743; 'DEN'; 31.0;71;41;30; 0.577;392;896; 0.438;157;430; 0.365;102;127; 0.803;44;296;340;276;127;55;31;47;114;1043
592;1626161; 'Willie Cauley-Stein'; 'Willie';1610612755; 'PHI'; 28.0;20;12;8; 0.6;16;35; 0.457;1;2; 0.5;1;2; 0.5;13;27;40;10;7;6;3;6;19;34
593;1626195; 'Willy Hernangomez'; 'Willy';1610612740; 'NOP'; 28.0;50;22;28; 0.44;170;327; 0.52;4;12; 0.333;109;141; 0.773;143;195;338;63;51;21;19;27;97;453
594;1629875; 'Xavier Moon'; 'Xavier';1610612746; 'LAC'; 27.0;10;7;3; 0.7;25;51; 0.49;5;14; 0.357;3;5; 0.6;2;12;14;24;6;7;3;3;9;58
595;1630270; 'Xavier Sneed'; 'Xavier';1610612762; 'UTA'; 24.0;9;7;2; 0.778;2;10; 0.2;1;8; 0.125;0;0; 0.0;2;4;6;1;0;0;0;0;2;5
596;1630214; 'Xavier Tillman'; 'Xavier';1610612763; 'MEM'; 23.0;53;35;18; 0.66;98;216; 0.454;10;49; 0.204;46;71; 0.648;66;95;161;62;34;49;15;15;63;252
597;1629139; 'Yuta Watanabe'; 'Yuta';1610612761; 'TOR'; 27.0;38;21;17; 0.553;56;138; 0.406;27;79; 0.342;24;40; 0.6;18;74;92;21;19;11;16;7;38;163
598;1630582; 'Yves Pons'; 'Yves';1610612763; 'MEM'; 23.0;12;9;3; 0.75;5;16; 0.313;3;9; 0.333;0;2; 0.0;5;7;12;1;1;1;4;1;6;13
599;1628380; 'Zach Collins'; 'Zach';1610612759; 'SAS'; 24.0;28;14;14; 0.5;76;155; 0.49;14;41; 0.341;52;65; 0.8;46;107;153;61;45;13;23;16;67;218
600;203897; 'Zach LaVine'; 'Zach';1610612741; 'CHI'; 27.0;67;37;30; 0.552;565;1186; 0.476;185;475; 0.389;320;375; 0.853;22;286;308;303;171;41;23;61;120;1635
601;1630285; 'Zavier Simpson'; 'Zavier';1610612760; 'OKC'; 25.0;4;1;3; 0.25;19;52; 0.365;1;8; 0.125;5;5; 1.0;2;19;21;30;10;5;4;7;15;44
602;1630192; 'Zeke Nnaji'; 'Zeke';1610612743; 'DEN'; 21.0;41;24;17; 0.585;96;186; 0.516;37;80; 0.463;41;65; 0.631;56;91;147;17;23;16;13;19;79;270
603;1630533; 'Ziaire Williams'; 'Ziaire';1610612763; 'MEM'; 20.0;62;41;21; 0.661;191;424; 0.45;76;242; 0.314;43;55; 0.782;26;103;129;65;41;35;12;17;113;501
604;1629597; 'Zylan Cheatham'; 'Zylan';1610612762; 'UTA'; 26.0;1;0;1; 0.0;0;3; 0.0;0;2; 0.0;0;0; 0.0;0;0;0;0;0;0;0;0;0;0
